Date,AAPL,MSFT,GOOGL,AMZN,JPM,SPY,AGG
2015-01-02,24.17176055908203,39.607181549072266,26.227924346923828,15.425999641418457,46.06678009033203,169.2675018310547,79.81121826171875
2015-01-05,23.490793228149414,39.24296188354492,25.728179931640625,15.10949993133545,44.636653900146484,166.2106170654297,79.98467254638672
2015-01-06,23.49300765991211,38.6669807434082,25.09322166442871,14.76449966430664,43.47925567626953,164.64508056640625,80.18704223632812
2015-01-07,23.822439193725586,39.15825653076172,25.01942253112793,14.920999526977539,43.545616149902344,166.69674682617188,80.17253875732422
2015-01-08,24.73774528503418,40.31022262573242,25.10659408569336,15.02299976348877,44.518699645996094,169.65476989746094,80.0496826171875
2015-01-09,24.7642765045166,39.971397399902344,24.800010681152344,14.846500396728516,43.74464797973633,168.2952423095703,80.244873046875
2015-01-12,24.154067993164062,39.471656799316406,24.618738174438477,14.570500373840332,43.368690490722656,166.97682189941406,80.30986785888672
2015-01-13,24.3685245513916,39.26836395263672,24.85350227355957,14.737000465393066,43.37605285644531,166.5072784423828,80.33158874511719
2015-01-14,24.27566909790039,38.9295539855957,25.058053970336914,14.66349983215332,41.87957000732422,165.5020294189453,80.52670288085938
2015-01-15,23.6168212890625,38.52297592163086,24.96295738220215,14.34749984741211,40.537899017333984,163.98593139648438,80.89533233642578
2015-01-16,23.433319091796875,39.16673278808594,25.282421112060547,14.536999702453613,41.23084259033203,166.13644409179688,80.58454132080078
2015-01-20,24.03689193725586,39.29378128051758,25.25666618347168,14.472000122070312,41.06866455078125,166.49073791503906,80.72186279296875
2015-01-21,24.22039794921875,38.89567565917969,25.77423858642578,14.862500190734863,41.20135498046875,167.3312530517578,80.57728576660156
2015-01-22,24.850502014160156,39.92060089111328,26.611770629882812,15.515999794006348,42.454566955566406,169.81959533691406,80.53392791748047
2015-01-23,24.978734970092773,39.96292495727539,26.842079162597656,15.619500160217285,41.783721923828125,168.88851928710938,80.73629760742188
2015-01-26,25.005268096923828,39.81894302368164,26.583045959472656,15.482999801635742,41.85008239746094,169.28399658203125,80.70014953613281
2015-01-27,24.129749298095703,36.13433837890625,25.813859939575195,15.337499618530273,41.42988204956055,167.05105590820312,80.65679168701172
2015-01-28,25.49387550354004,34.88922119140625,25.379989624023438,15.195500373840332,40.360958099365234,164.90870666503906,80.99652099609375
2015-01-29,26.287588119506836,35.58377456665039,25.419618606567383,15.58899974822998,41.03916931152344,166.4330596923828,80.93141937255859
2015-01-30,25.90289306640625,34.22006607055664,26.62415313720703,17.726499557495117,40.088218688964844,164.34019470214844,81.22050476074219
2015-02-02,26.227888107299805,34.965457916259766,26.359174728393555,18.223499298095703,40.8917350769043,166.3754119873047,81.21763610839844
2015-02-03,26.232318878173828,35.23649978637695,26.41365623474121,18.177499771118164,41.81322479248047,168.78135681152344,80.90635681152344
2015-02-04,26.433507919311523,35.43979263305664,26.05704689025879,18.237499237060547,41.562583923339844,168.13865661621094,81.02942657470703
2015-02-05,26.622175216674805,35.95648193359375,26.241792678833008,18.694499969482422,41.85008239746094,169.83602905273438,80.86293792724609
2015-02-06,26.397993087768555,35.9225959777832,26.4423828125,18.714000701904297,42.67573165893555,169.3663787841797,80.39244079589844
2015-02-09,26.573341369628906,35.880245208740234,26.214550018310547,18.527999877929688,42.62412643432617,168.6083221435547,80.37796020507812
2015-02-10,27.0838565826416,36.08352279663086,26.753421783447266,18.649999618530273,43.09593963623047,170.40463256835938,80.29113006591797
2015-02-11,27.71866798400879,35.897186279296875,26.646440505981445,18.756999969482422,43.029571533203125,170.50347900390625,80.25486755371094
2015-02-12,28.069364547729492,36.49858093261719,27.043169021606445,18.85849952697754,43.914207458496094,172.1431121826172,80.26938629150391
2015-02-13,28.20698356628418,37.15926742553711,27.29823875427246,19.09149932861328,43.987911224365234,172.8517608642578,80.17523956298828
2015-02-17,28.373455047607422,37.17631912231445,26.993635177612305,18.771499633789062,44.304908752441406,173.1237030029297,79.84953308105469
2015-02-18,28.571006774902344,37.1336555480957,26.87674903869629,18.668500900268555,43.76676559448242,173.14019775390625,80.07393646240234
2015-02-19,28.511070251464844,37.108062744140625,27.064956665039062,18.950000762939453,43.663551330566406,173.0165557861328,80.00878143310547
2015-02-20,28.74413299560547,37.41516876220703,26.83465003967285,19.183000564575195,44.0837516784668,174.05474853515625,80.02328491210938
2015-02-23,29.5210018157959,37.662559509277344,26.49785614013672,19.006999969482422,43.752037048339844,174.030029296875,80.16802215576172
2015-02-24,29.336780548095703,37.611392974853516,26.678632736206055,18.929500579833984,44.83568572998047,174.5244598388672,80.52272796630859
2015-02-25,28.586544036865234,37.52607727050781,27.10854148864746,19.26849937438965,45.07158660888672,174.37612915039062,80.58064270019531
2015-02-26,28.94834327697754,37.58578872680664,27.700908660888672,19.239999771118164,45.39594650268555,174.170166015625,80.29113006591797
2015-02-27,28.51329231262207,37.406646728515625,27.866336822509766,19.007999420166016,45.1747932434082,173.57681274414062,80.49376678466797
2015-03-02,28.653127670288086,37.432247161865234,28.479991912841797,19.283000946044922,45.536014556884766,174.67274475097656,80.08481597900391
2015-03-03,28.713062286376953,36.92041015625,28.666717529296875,19.230499267578125,45.6834602355957,173.9558563232422,79.98332977294922
2015-03-04,28.53104591369629,36.73274230957031,28.643932342529297,19.13599967956543,45.80139923095703,173.22256469726562,80.02684783935547
2015-03-05,28.058277130126953,36.775390625,28.797473907470703,19.39150047302246,45.70556640625,173.412109375,80.06309509277344
2015-03-06,28.100444793701172,36.135589599609375,28.37499237060547,19.004499435424805,44.88729476928711,170.97308349609375,79.54106903076172
2015-03-09,28.220306396484375,36.55356979370117,28.43442726135254,18.92799949645996,45.336971282958984,171.68174743652344,79.74405670166016
2015-03-10,27.636550903320312,35.854087829589844,27.728641510009766,18.475500106811523,44.20170211791992,168.89671325683594,79.93257904052734
2015-03-11,27.1326904296875,35.81141662597656,27.52260398864746,18.318500518798828,44.408111572265625,168.5012664794922,80.09206390380859
2015-03-12,27.62322425842285,34.99249267578125,27.794023513793945,18.711999893188477,45.241146087646484,170.64361572265625,80.15735626220703
2015-03-13,27.432344436645508,35.29958724975586,27.389371871948242,18.52899932861328,44.96837615966797,169.59710693359375,80.00505065917969
2015-03-16,27.734210968017578,35.453147888183594,27.81730079650879,18.667499542236328,45.5949821472168,171.863037109375,80.17909240722656
2015-03-17,28.198108673095703,35.57257080078125,27.61769676208496,18.59600067138672,45.418067932128906,171.35218811035156,80.16460418701172
2015-03-18,28.515514373779297,36.25502014160156,28.04117202758789,18.756999969482422,45.52125930786133,173.412109375,80.75189208984375
2015-03-19,28.30021095275879,36.07587814331055,27.9178409576416,18.66200065612793,45.115814208984375,172.6210479736328,80.46914672851562
2015-03-20,27.945072174072266,36.57918167114258,27.981239318847656,18.92449951171875,45.52125930786133,174.14479064941406,80.71562194824219
2015-03-23,28.235843658447266,36.562110900878906,28.00204086303711,18.75550079345703,45.07158660888672,173.80545043945312,80.73017883300781
2015-03-24,28.12042999267578,36.596248626708984,28.60480499267578,18.704500198364258,44.57029342651367,172.82884216308594,80.94771575927734
2015-03-25,27.385726928710938,35.36783218383789,28.08277702331543,18.54800033569336,43.943687438964844,170.2962188720703,80.79539489746094
2015-03-26,27.576610565185547,35.154571533203125,27.91635513305664,18.36750030517578,43.89208221435547,169.8906707763672,80.50540161132812
2015-03-27,27.356876373291016,34.94984817504883,27.614728927612305,18.527999877929688,43.899452209472656,170.2796630859375,80.62139892578125
2015-03-30,28.049396514892578,34.94131088256836,27.79253578186035,18.72949981689453,44.938880920410156,172.35708618164062,80.65763854980469
2015-03-31,27.618785858154297,34.68538284301758,27.473569869995117,18.604999542236328,44.65876007080078,170.8507537841797,80.79539489746094
2015-04-01,27.578832626342773,34.736568450927734,27.215526580810547,18.51300048828125,44.48808670043945,170.24652099609375,81.05768585205078
2015-04-02,27.816329956054688,34.3697509765625,26.810380935668945,18.612499237060547,44.91107177734375,170.85902404785156,80.94866943359375
2015-04-06,28.266910552978516,35.444610595703125,26.941137313842773,18.851999282836914,44.87397003173828,172.0093994140625,80.99954986572266
2015-04-07,27.969486236572266,35.427547454833984,26.986207962036133,18.720500946044922,45.15595245361328,171.5542449951172,81.01409912109375
2015-04-08,27.87848663330078,35.33369445800781,27.183330535888672,19.059999465942383,45.304378509521484,172.13360595703125,81.02130126953125
2015-04-09,28.091564178466797,35.38490676879883,27.142719268798828,19.177000045776367,45.616050720214844,172.89500427246094,80.81792449951172
2015-04-10,28.21143341064453,35.58963394165039,27.168474197387695,19.13249969482422,45.78672790527344,173.83853149414062,80.81792449951172
2015-04-13,28.155933380126953,35.623741149902344,27.173425674438477,19.118000030517578,46.06130599975586,173.05230712890625,80.90509796142578
2015-04-14,28.03386116027832,35.52992248535156,26.734601974487305,19.25550079345703,46.78112030029297,173.38336181640625,80.99227905273438
2015-04-15,28.14040184020996,36.05028533935547,26.797008514404297,19.172500610351562,47.64936828613281,174.16128540039062,81.10128021240234
2015-04-16,28.00499725341797,35.96498107910156,26.91983985900879,19.302000045776367,47.35253143310547,174.11166381835938,81.05768585205078
2015-04-17,27.6898136138916,35.50432586669922,26.38591957092285,18.777999877929688,46.63270950317383,172.10874938964844,81.12303161621094
2015-04-20,28.32240867614746,36.60477066040039,26.96986198425293,19.475500106811523,46.92953872680664,173.68124389648438,81.06492614746094
2015-04-21,28.169254302978516,36.374446868896484,26.89012336730957,19.55900001525879,46.239402770996094,173.47438049316406,80.97774505615234
2015-04-22,28.548805236816406,36.67301940917969,27.200170516967773,19.489999771118164,46.7069206237793,174.32684326171875,80.738037109375
2015-04-23,28.781869888305664,36.971588134765625,27.61026954650879,19.499500274658203,46.603023529052734,174.7655487060547,80.86153411865234
2015-04-24,28.917259216308594,40.8359489440918,28.412633895874023,22.2549991607666,46.45460891723633,175.17100524902344,80.99954986572266
2015-04-27,29.443315505981445,40.97243881225586,28.0391845703125,21.92799949645996,46.26166534423828,174.44273376464844,81.02864074707031
2015-04-28,28.979419708251953,41.93638229370117,27.952518463134766,21.465499877929688,46.573341369628906,174.9972381591797,80.7161865234375
2015-04-29,28.553245544433594,41.85108184814453,27.804916381835938,21.4685001373291,47.19670486450195,174.27720642089844,80.53459930419922
2015-04-30,27.77860450744629,41.49281311035156,27.17986488342285,21.089000701904297,46.94438171386719,172.5308380126953,80.53459930419922
2015-05-01,28.62205696105957,41.50987243652344,27.29823875427246,21.14349937438965,47.20411682128906,174.4013671875,80.30605316162109
2015-05-04,28.566570281982422,41.15157699584961,27.381446838378906,21.152000427246094,48.02783966064453,174.89793395996094,80.15322875976562
2015-05-05,27.922876358032227,40.6056022644043,26.896066665649414,21.059499740600586,47.790348052978516,172.89500427246094,80.08046722412109
2015-05-06,27.747526168823242,39.47957992553711,26.501819610595703,20.954999923706055,47.43415451049805,172.1832275390625,79.81119537353516
2015-05-07,27.919145584106445,39.837867736816406,26.84653663635254,21.3439998626709,47.86457061767578,172.87025451660156,80.0076904296875
2015-05-08,28.445173263549805,40.73358154296875,27.18878173828125,21.684499740600586,48.599239349365234,175.14620971679688,80.26969909667969
2015-05-11,28.15541648864746,40.40940856933594,27.03177261352539,21.642499923706055,48.569541931152344,174.31027221679688,79.76023864746094
2015-05-12,28.05512046813965,40.39234161376953,26.682598114013672,21.551000595092773,48.50276184082031,173.78887939453125,79.75297546386719
2015-05-13,28.086318969726562,40.63121795654297,26.72023582458496,21.3435001373291,48.62150573730469,173.82199096679688,79.74566650390625
2015-05-14,28.74161148071289,41.56103515625,27.20115852355957,21.61400032043457,49.014827728271484,175.63453674316406,79.86939239501953
2015-05-15,28.70149040222168,41.202754974365234,27.066940307617188,21.299999237060547,48.888648986816406,175.8249053955078,80.20417022705078
2015-05-18,29.01799774169922,40.955379486083984,27.075857162475586,21.261999130249023,49.28938674926758,176.3711395263672,79.89847564697266
2015-05-19,28.991249084472656,40.852333068847656,27.20512580871582,21.085500717163086,49.727210998535156,176.313232421875,79.62195587158203
2015-05-20,28.9890193939209,40.852333068847656,27.36510467529297,21.19300079345703,49.33390426635742,176.18910217285156,79.74566650390625
2015-05-21,29.285465240478516,40.714969635009766,27.578073501586914,21.581499099731445,49.460060119628906,176.7021942138672,79.99312591552734
2015-05-22,29.541791915893555,40.26849365234375,27.46465301513672,21.381500244140625,49.32648468017578,176.28013610839844,79.90578460693359
2015-05-26,28.890949249267578,40.00233840942383,27.101612091064453,21.273500442504883,48.777339935302734,174.38479614257812,80.10230255126953
2015-05-27,29.430339813232422,40.87809371948242,27.451284408569336,21.570999145507812,49.32648468017578,176.04005432128906,80.18238067626953
2015-05-28,29.372392654418945,40.74071502685547,27.44781494140625,21.328500747680664,49.126121520996094,175.84146118164062,80.15322875976562
2015-05-29,29.03805160522461,40.234134674072266,27.00899314880371,21.46150016784668,48.814449310302734,174.7489776611328,80.18238067626953
2015-06-01,29.096004486083984,40.55182647705078,27.20166015625,21.54599952697754,49.037071228027344,175.10487365722656,79.96068572998047
2015-06-02,28.966733932495117,40.285675048828125,27.436426162719727,21.54949951171875,48.99252700805664,174.9310302734375,79.64718627929688
2015-06-03,29.00238800048828,40.22555923461914,27.502792358398438,21.829500198364258,49.49716567993164,175.39447021484375,79.33359527587891
2015-06-04,28.832996368408203,39.804832458496094,27.324485778808594,21.538999557495117,49.22258758544922,173.91307067871094,79.50132751464844
2015-06-05,28.674741744995117,39.6159553527832,27.217506408691406,21.34749984741211,50.03146743774414,173.6150360107422,79.15133666992188
2015-06-08,28.485292434692383,39.263919830322266,26.91786003112793,21.174999237060547,49.638160705566406,172.54739379882812,79.2679443359375
2015-06-09,28.400590896606445,39.19524002075195,26.85247802734375,21.27400016784668,49.853363037109375,172.5225372314453,79.04195404052734
2015-06-10,28.726003646850586,40.01949691772461,27.369558334350586,21.53849983215332,50.65481948852539,174.59170532226562,78.84505462646484
2015-06-11,28.66136932373047,39.87353515625,27.242765426635742,21.648500442504883,50.84774398803711,175.15451049804688,79.2679443359375
2015-06-12,28.344867706298828,39.469993591308594,27.115478515625,21.496000289916992,50.64739227294922,173.81369018554688,79.17319488525391
2015-06-15,28.289148330688477,39.04927444458008,26.89408302307129,21.183500289916992,50.45444869995117,173.0688018798828,79.2679443359375
2015-06-16,28.44071388244629,39.34978485107422,26.98670196533203,21.363000869750977,50.73644256591797,174.0123291015625,79.39923858642578
2015-06-17,28.373842239379883,39.469993591308594,27.0723876953125,21.390499114990234,50.56575393676758,174.2937469482422,79.40655517578125
2015-06-18,28.50311279296875,40.11394500732422,27.5468692779541,21.969499588012695,51.04069900512695,176.10630798339844,79.38468933105469
2015-06-19,28.217819213867188,39.58161544799805,27.61324119567871,21.746000289916992,50.521244049072266,175.32449340820312,79.63256072998047
2015-06-22,28.442935943603516,39.6932258605957,27.72022247314453,21.81450080871582,51.174278259277344,176.2227020263672,79.23880767822266
2015-06-23,28.31366539001465,39.41847610473633,27.90397834777832,22.29949951171875,51.760536193847656,176.34742736816406,79.05651092529297
2015-06-24,28.554384231567383,39.186649322509766,27.665245056152344,22.04199981689453,51.218788146972656,175.0666961669922,79.18046569824219
2015-06-25,28.41841697692871,39.19524002075195,27.634538650512695,22.0049991607666,50.94423294067383,174.534423828125,79.09299468994141
2015-06-26,28.251253128051758,38.86036682128906,27.392343521118164,21.905000686645508,51.166866302490234,174.50120544433594,78.90335083007812
2015-06-29,27.756439208984375,38.096229553222656,26.807405471801758,21.493000030517578,49.868186950683594,170.841796875,79.37005615234375
2015-06-30,27.95704460144043,37.90732955932617,26.747480392456055,21.704500198364258,50.28376770019531,171.19943237304688,79.31901550292969
2015-07-01,28.217819213867188,38.164913177490234,26.9089412689209,21.86949920654297,50.84397888183594,172.57167053222656,79.11885833740234
2015-07-02,28.182157516479492,38.12198257446289,27.109039306640625,21.885499954223633,50.433170318603516,172.41368103027344,79.22845458984375
2015-07-06,28.084091186523438,38.1133918762207,27.023849487304688,21.802000045776367,50.29125213623047,171.92300415039062,79.51335906982422
2015-07-07,28.014995574951172,38.03612518310547,27.242271423339844,21.836000442504883,49.89536666870117,173.00416564941406,79.62291717529297
2015-07-08,27.3195743560791,37.98460006713867,26.829694747924805,21.485000610351562,48.87205505371094,170.1016082763672,79.81290435791016
2015-07-09,26.762353897094727,38.22501754760742,26.975807189941406,21.719499588012695,49.379974365234375,170.4093017578125,79.52063751220703
2015-07-10,27.477828979492188,38.30229187011719,27.543405532836914,22.175500869750977,50.082115173339844,172.5550079345703,79.18460083007812
2015-07-13,28.0083065032959,39.10077667236328,28.317047119140625,22.778499603271484,50.85891342163086,174.45953369140625,79.06769561767578
2015-07-14,27.997159957885742,39.16948318481445,28.933673858642578,23.278499603271484,51.56849670410156,175.2163848876953,79.19920349121094
2015-07-15,28.26685333251953,39.28968048095703,28.92278289794922,23.059499740600586,51.6805419921875,175.1581573486328,79.41105651855469
2015-07-16,28.64354133605957,40.06242370605469,29.80538558959961,23.77400016784668,51.9569091796875,176.56369018554688,79.47682952880859
2015-07-17,28.890949249267578,40.028079986572266,34.651268005371094,24.15049934387207,51.69548416137695,176.71339416503906,79.48413848876953
2015-07-20,29.437030792236328,40.285675048828125,34.31546401977539,24.405000686645508,51.73283767700195,176.80487060546875,79.34532165527344
2015-07-21,29.142810821533203,40.59476089477539,34.43977737426758,24.399999618530273,51.61332321166992,176.10626220703125,79.47682952880859
2015-07-22,27.910234451293945,39.10077667236328,34.42739486694336,24.41349983215332,52.34532165527344,175.79026794433594,79.51335906982422
2015-07-23,27.896860122680664,39.5901985168457,33.41850662231445,24.108999252319336,52.016658782958984,174.80055236816406,79.7398681640625
2015-07-24,27.749757766723633,39.44422912597656,32.42990493774414,26.47100067138672,51.47140121459961,172.98751831054688,79.72527313232422
2015-07-27,27.364152908325195,38.93764114379883,32.60325241088867,26.570499420166016,50.79916000366211,171.98117065429688,79.82750701904297
2015-07-28,27.5001220703125,38.92906951904297,32.67210388183594,26.30150032043457,50.82904052734375,174.0937042236328,79.74718475341797
2015-07-29,27.413196563720703,39.74473571777344,32.759765625,26.450000762939453,51.493812561035156,175.29127502441406,79.681396484375
2015-07-30,27.274995803833008,40.25132369995117,32.914794921875,26.83799934387207,51.56849670410156,175.3328399658203,79.68872833251953
2015-07-31,27.03651237487793,40.09676742553711,32.565120697021484,26.8075008392334,51.187583923339844,175.0666961669922,80.00287628173828
2015-08-03,26.3990478515625,40.19122314453125,32.92272186279297,26.75149917602539,51.187583923339844,174.47621154785156,80.08563995361328
2015-08-04,25.552066802978516,40.81800842285156,32.75233840942383,26.594999313354492,51.13527297973633,174.13525390625,79.85138702392578
2015-08-05,25.721450805664062,40.852333068847656,33.34717559814453,26.850500106811523,51.33696746826172,174.70907592773438,79.70491790771484
2015-08-06,25.777433395385742,40.028079986572266,33.1916618347168,26.472999572753906,50.97842788696289,173.27859497070312,79.80010223388672
2015-08-07,25.8647518157959,40.13111114501953,32.906375885009766,26.131000518798828,50.82904052734375,172.94590759277344,79.93917846679688
2015-08-10,26.805126190185547,40.6376953125,32.84446334838867,26.200000762939453,51.45647430419922,175.1249237060547,79.83669281005859
2015-08-11,25.41023826599121,39.84777069091797,34.189659118652344,26.37299919128418,50.96349334716797,173.54473876953125,80.10025787353516
2015-08-12,25.802064895629883,40.13111114501953,34.24760818481445,26.295499801635742,50.224029541015625,173.7526092529297,80.04899597167969
2015-08-13,25.78191375732422,40.122528076171875,34.001949310302734,26.482999801635742,50.45557403564453,173.5364532470703,79.880615234375
2015-08-14,25.963266372680664,40.3543586730957,34.14359664916992,26.576000213623047,50.709529876708984,174.16847229003906,79.84404754638672
2015-08-17,26.23194694519043,40.629093170166016,34.37836456298828,26.76099967956543,50.84397888183594,175.14154052734375,79.98311614990234
2015-08-18,26.08417510986328,40.85380935668945,34.11190414428711,26.750999450683594,50.94853973388672,174.63421630859375,79.83669281005859
2015-08-19,25.75056266784668,40.28339767456055,34.37489700317383,26.645999908447266,50.49293518066406,173.25367736816406,80.08563995361328
2015-08-20,25.222171783447266,39.46232986450195,33.65376281738281,25.788999557495117,49.25300598144531,169.63587951660156,80.21004486083984
2015-08-21,23.679500579833984,37.22390365600586,31.89797592163086,24.723499298095703,47.50517272949219,164.5294647216797,80.34910583496094
2015-08-24,23.088409423828125,36.02257537841797,30.614185333251953,23.168500900268555,45.00293731689453,157.60162353515625,80.31983947753906
2015-08-25,23.227231979370117,34.97681427001953,30.3348445892334,23.318500518798828,44.748966217041016,155.7469482421875,80.12952423095703
2015-08-26,24.559425354003906,36.91277313232422,32.67606735229492,25.03849983215332,46.989776611328125,161.72669982910156,79.75617218017578
2015-08-27,25.28261375427246,37.94123840332031,33.08319091796875,25.918500900268555,48.162471771240234,165.7270965576172,79.86601257324219
2015-08-28,25.36545753479004,37.9671745300293,32.673587799072266,25.90049934387207,47.901039123535156,165.73538208007812,79.79280090332031
2015-08-31,25.246801376342773,37.61281204223633,32.08568572998047,25.644500732421875,47.87864303588867,164.39633178710938,79.73419952392578
2015-09-01,24.118350982666016,36.14356231689453,31.181291580200195,24.82699966430664,45.899253845214844,159.48951721191406,79.97041320800781
2015-09-02,25.152761459350586,37.47453689575195,31.941556930541992,25.52750015258789,46.73582077026367,162.5167999267578,79.86770629882812
2015-09-03,24.71167755126953,37.59553146362305,31.552261352539062,25.236000061035156,46.817996978759766,162.6332244873047,79.98511505126953
2015-09-04,24.46538734436035,36.82633590698242,31.15157127380371,24.950000762939453,45.93659210205078,160.1714324951172,80.15375518798828
2015-09-08,25.146034240722656,37.93259811401367,31.89053726196289,25.87700080871582,47.17652130126953,164.19674682617188,79.96307373046875
2015-09-09,24.662416458129883,37.22390365600586,31.867259979248047,25.844499588012695,46.444515228271484,162.00111389160156,79.99243927001953
2015-09-10,25.204252243041992,37.41403579711914,32.24715042114258,26.11199951171875,46.803062438964844,162.88267517089844,79.90439605712891
2015-09-11,25.571441650390625,37.5782356262207,32.45615768432617,26.472000122070312,46.72835922241211,163.62294006347656,79.99974822998047
2015-09-14,25.81773567199707,37.197959899902344,32.31599044799805,26.069000244140625,46.593902587890625,163.01573181152344,80.02173614501953
2015-09-15,26.034914016723633,38.010379791259766,32.9400520324707,26.118499755859375,47.4902229309082,165.05337524414062,79.66227722167969
2015-09-16,26.064029693603516,38.28694152832031,32.962345123291016,26.36949920654297,47.90851593017578,166.4838409423828,79.59628295898438
2015-09-17,25.506513595581055,38.24372482299805,33.266944885253906,26.943500518798828,46.79558181762695,166.1095733642578,80.09510040283203
2015-09-18,25.401283264160156,37.5782356262207,32.73451232910156,27.01300048828125,45.5183219909668,163.39511108398438,80.16117858886719
2015-09-21,25.79534149169922,38.12273406982422,33.03465270996094,27.41950035095215,45.899253845214844,164.23944091796875,79.94839477539062
2015-09-22,25.390090942382812,37.94123840332031,32.352149963378906,26.920000076293945,45.49591064453125,162.10772705078125,80.13908386230469
2015-09-23,25.5960693359375,37.91530990600586,32.35660171508789,26.803499221801758,45.29422378540039,161.8485565185547,80.07314300537109
2015-09-24,25.748323440551758,37.94988250732422,32.43684005737305,26.6875,44.98052978515625,161.26332092285156,80.17580413818359
2015-09-25,25.68339729309082,37.97581100463867,31.705799102783203,26.212499618530273,45.9141960144043,161.22157287597656,80.03645324707031
2015-09-28,25.175148010253906,37.41403579711914,30.918291091918945,25.202999114990234,44.801265716552734,157.1753387451172,80.22714996337891
2015-09-29,24.418365478515625,37.54367446899414,30.837064743041992,24.803499221801758,44.69668960571289,157.26722717285156,80.35186004638672
2015-09-30,24.696002960205078,38.252376556396484,31.61763572692871,25.594499588012695,45.54072189331055,160.20166015625,80.38125610351562
2015-10-01,24.53479766845703,38.554874420166016,31.797422409057617,26.035999298095703,45.87684631347656,160.61959838867188,80.44367218017578
2015-10-02,24.713916778564453,39.38454818725586,32.539852142333984,26.62700080871582,45.74895095825195,163.01890563964844,80.68620300292969
2015-10-05,24.803476333618164,40.30067443847656,33.26743698120117,27.18400001525879,46.65926742553711,165.91978454589844,80.38490295410156
2015-10-06,24.922143936157227,40.404396057128906,33.26545715332031,26.874000549316406,46.68183517456055,165.35128784179688,80.58330535888672
2015-10-07,24.803476333618164,40.44760513305664,33.18422317504883,27.097000122070312,46.74202346801758,166.70567321777344,80.52455902099609
2015-10-08,24.516883850097656,41.00938415527344,33.035640716552734,26.658000946044922,46.74202346801758,168.21044921875,80.41426849365234
2015-10-09,25.103500366210938,40.715538024902344,33.24563980102539,26.989999771118164,46.59156036376953,168.31080627441406,80.34814453125
2015-10-12,24.987064361572266,40.62047576904297,33.5026969909668,27.50950050354004,46.43357467651367,168.46961975097656,80.55391693115234
2015-10-13,25.02960777282715,40.52539825439453,33.836517333984375,27.44499969482422,46.3056755065918,167.4078826904297,80.56122589111328
2015-10-14,24.675853729248047,40.34389114379883,33.699825286865234,27.241500854492188,45.132041931152344,166.6053009033203,80.86256408691406
2015-10-15,25.0452823638916,40.62910079956055,34.324371337890625,28.121999740600586,46.56146240234375,169.1635284423828,80.75235748291016
2015-10-16,24.861684799194336,41.06122589111328,34.438297271728516,28.538000106811523,46.96772384643555,169.93264770507812,80.67148590087891
2015-10-19,25.01618003845215,41.15629196166992,34.66761016845703,28.657499313354492,46.809722900390625,170.01622009277344,80.75235748291016
2015-10-20,25.472938537597656,41.28594207763672,33.67951965332031,28.04400062561035,47.035430908203125,169.79885864257812,80.59066009521484
2015-10-21,25.470693588256836,40.79331588745117,33.273380279541016,27.78849983215332,46.689369201660156,168.7454833984375,80.78171539306641
2015-10-22,25.860273361206055,41.51066589355469,33.73597717285156,28.195499420166016,47.53948211669922,171.59620666503906,80.79643249511719
2015-10-23,26.661832809448242,45.693702697753906,35.627479553222656,29.951499938964844,48.05107879638672,173.47718811035156,80.65680694580078
2015-10-26,25.81101417541504,46.88638687133789,36.21142578125,30.430500030517578,48.07365036010742,173.05084228515625,80.69354248046875
2015-10-27,25.647573471069336,46.40239715576172,36.295623779296875,30.550500869750977,47.8780403137207,172.71641540527344,80.8111572265625
2015-10-28,26.704370498657227,46.65303039550781,36.498695373535156,30.854999542236328,49.27736282348633,174.68104553222656,80.56861114501953
2015-10-29,26.98649024963379,46.117183685302734,36.89145278930664,31.327499389648438,49.059181213378906,174.5807342529297,80.22320556640625
2015-10-30,26.75587272644043,45.49491500854492,36.52197265625,31.295000076293945,48.336952209472656,173.82833862304688,80.43632507324219
2015-11-02,27.13201904296875,46.01347732543945,37.03458786010742,31.417499542236328,49.307456970214844,175.8848876953125,80.27803802490234
2015-11-03,27.4432315826416,46.79996109008789,37.08808517456055,31.265499114990234,49.48801040649414,176.39488220214844,80.13076019287109
2015-11-04,27.31561279296875,47.01600646972656,37.409523010253906,32.04750061035156,49.54066848754883,175.8597869873047,80.13076019287109
2015-11-05,27.189693450927734,46.99872970581055,37.67499542236328,32.782501220703125,49.98456573486328,175.6842498779297,80.09390258789062
2015-11-06,27.221174240112305,47.465431213378906,37.7210578918457,32.96849822998047,51.50423812866211,175.59226989746094,79.71102905273438
2015-11-09,27.110992431640625,46.8086051940918,37.38277053833008,32.77450180053711,50.699256896972656,173.95372009277344,79.65943908691406
2015-11-10,26.256532669067383,46.246826171875,37.555633544921875,32.98400115966797,50.91743850708008,174.35499572753906,79.80675506591797
2015-11-11,26.108129501342773,46.367828369140625,37.90183639526367,33.662498474121094,50.66915512084961,173.6695098876953,79.70365905761719
2015-11-12,26.02043342590332,46.08261489868164,37.46995162963867,33.279998779296875,49.653526306152344,171.24508666992188,79.77729797363281
2015-11-13,25.260425567626953,45.66777038574219,36.65470504760742,32.11750030517578,49.32250213623047,169.32229614257812,79.93193817138672
2015-11-16,25.674158096313477,46.47153854370117,37.16733169555664,32.390499114990234,50.03721618652344,171.89718627929688,79.9981689453125
2015-11-17,25.56398582458496,46.08869171142578,36.947418212890625,32.165000915527344,49.75132369995117,171.7717742919922,80.05710601806641
2015-11-18,26.373458862304688,46.8543815612793,37.642303466796875,33.176998138427734,50.7443962097168,174.4971160888672,79.9981689453125
2015-11-19,26.708498001098633,46.93268585205078,37.63883972167969,33.063499450683594,50.90238952636719,174.34669494628906,80.03504943847656
2015-11-20,26.825428009033203,47.150203704833984,38.48379898071289,33.42250061035156,50.812110900878906,174.9819793701172,79.98346710205078
2015-11-23,26.476900100708008,47.150203704833984,38.46894454956055,33.949501037597656,50.31557083129883,174.78140258789062,80.00556945800781
2015-11-24,26.730989456176758,47.20241928100586,38.118770599365234,33.557498931884766,50.2403450012207,175.01544189453125,80.07919311523438
2015-11-25,26.539857864379883,46.71516036987305,38.100440979003906,33.766998291015625,50.30051040649414,174.9904327392578,80.11598968505859
2015-11-27,26.490386962890625,46.92399597167969,38.23467254638672,33.66299819946289,50.533748626708984,175.19102478027344,80.09390258789062
2015-11-30,26.600574493408203,47.28942108154297,37.78296661376953,33.2400016784668,50.16508483886719,174.4636993408203,80.12333679199219
2015-12-01,26.38471031188965,48.0463981628418,38.82009506225586,33.952999114990234,50.86476516723633,176.12728881835938,80.40416717529297
2015-12-02,26.1463565826416,48.037696838378906,38.52589797973633,33.800498962402344,50.15007019042969,174.3299102783203,80.30812072753906
2015-12-03,25.903512954711914,47.15890884399414,38.04793930053711,33.3125,49.50307083129883,171.88880920410156,79.71701049804688
2015-12-04,26.764720916748047,48.64675521850586,38.593257904052734,33.63199996948242,51.07542037963867,175.24114990234375,79.97557830810547
2015-12-07,26.5960750579834,48.559749603271484,38.28519058227539,33.49150085449219,50.405845642089844,174.17945861816406,80.09381103515625
2015-12-08,26.5848331451416,48.54235076904297,38.39167404174805,33.86650085449219,49.623435974121094,173.00906372070312,80.12334442138672
2015-12-09,25.99795150756836,47.83757400512695,37.76811218261719,33.239498138427734,49.24726867675781,171.66310119628906,80.12334442138672
2015-12-10,26.12162208557129,48.08991241455078,37.6437873840332,33.11600112915039,49.3601188659668,172.1061553955078,80.10858154296875
2015-12-11,25.44930076599121,47.03710174560547,37.16733169555664,32.00749969482422,48.20153045654297,168.77061462402344,80.30812072753906
2015-12-14,25.291906356811523,47.97677993774414,37.767616271972656,32.89550018310547,48.35200500488281,169.623291015625,79.93122100830078
2015-12-15,24.844432830810547,48.02899169921875,37.646270751953125,32.93199920654297,49.728763580322266,171.40394592285156,79.93865203857422
2015-12-16,25.035558700561523,48.838172912597656,38.4634895324707,33.78850173950195,50.80458450317383,173.91189575195312,79.79824829101562
2015-12-17,24.504899978637695,48.46403884887695,38.12868118286133,33.532501220703125,49.86417007446289,171.2618408203125,79.90911865234375
2015-12-18,23.841575622558594,47.09800720214844,37.48579406738281,33.207000732421875,48.449806213378906,168.21080017089844,80.07907104492188
2015-12-21,24.133892059326172,47.70707321166992,37.681434631347656,33.22549819946289,49.307456970214844,169.59840393066406,80.00517272949219
2015-12-22,24.11140251159668,48.159507751464844,37.99494934082031,33.157501220703125,49.41277313232422,171.1373748779297,79.94602966308594
2015-12-23,24.421707153320312,48.56844711303711,38.06330490112305,33.185001373291016,50.202720642089844,173.2566375732422,79.93122100830078
2015-12-24,24.291284561157227,48.43793869018555,37.93105697631836,33.13949966430664,50.104923248291016,172.970703125,79.96976470947266
2015-12-28,24.019222259521484,48.68156433105469,38.74333190917969,33.7599983215332,49.93940353393555,172.57542419433594,79.96976470947266
2015-12-29,24.45093536376953,49.203617095947266,39.32381057739258,34.69850158691406,50.45851516723633,174.41714477539062,79.76982116699219
2015-12-30,24.131641387939453,48.99480438232422,39.14253616333008,34.45349884033203,50.0974006652832,173.18087768554688,79.75502014160156
2015-12-31,23.668439865112305,48.272613525390625,38.53382110595703,33.794498443603516,49.67609786987305,171.44854736328125,79.96976470947266
2016-01-04,23.688671112060547,47.68096160888672,37.61407470703125,31.84950065612793,48.18405532836914,169.05174255371094,79.94017791748047
2016-01-05,23.095048904418945,47.89847946166992,37.717586517333984,31.68950080871582,48.26737976074219,169.33773803710938,79.97714233398438
2016-01-06,22.64308738708496,47.02838897705078,37.60862731933594,31.63249969482422,47.570594787597656,167.20166015625,80.28070068359375
2016-01-07,21.687448501586914,45.39262390136719,36.70077133178711,30.39699935913086,45.64687728881836,163.19021606445312,80.2733154296875
2016-01-08,21.8021183013916,45.53184509277344,36.201019287109375,30.352500915527344,44.624412536621094,161.39898681640625,80.45098876953125
2016-01-11,22.155149459838867,45.5057487487793,36.308013916015625,30.886999130249023,44.55624771118164,161.55870056152344,80.22147369384766
2016-01-12,22.476694107055664,45.923377990722656,36.91571807861328,30.894500732421875,44.65471267700195,162.86221313476562,80.39919281005859
2016-01-13,21.898815155029297,44.93147277832031,35.63936233520508,29.090499877929688,43.42776870727539,158.8003692626953,80.58427429199219
2016-01-14,22.37775230407715,46.21051788330078,36.22480010986328,29.649999618530273,44.07912063598633,161.40736389160156,80.55467224121094
2016-01-15,21.840349197387695,44.36591339111328,35.18964767456055,28.509000778198242,43.20054626464844,157.94253540039062,80.65090942382812
2016-01-19,21.73467254638672,43.991783142089844,35.61509704589844,28.724000930786133,43.1778450012207,158.15277099609375,80.56950378417969
2016-01-20,21.763900756835938,44.191898345947266,35.5893440246582,28.588499069213867,42.04178237915039,156.12608337402344,80.63613891601562
2016-01-21,21.653715133666992,43.92216873168945,35.991024017333984,28.750999450683594,41.84486389160156,157.00067138671875,80.52508544921875
2016-01-22,22.804988861083984,45.49702835083008,36.921661376953125,29.819000244140625,43.13240432739258,160.2216033935547,80.58427429199219
2016-01-25,22.359769821166992,45.061981201171875,36.335243225097656,29.826499938964844,42.1553840637207,157.79959106445312,80.53985595703125
2016-01-26,22.483436584472656,45.39262390136719,36.34366989135742,30.0625,43.23085403442383,159.95248413085938,80.64347839355469
2016-01-27,21.00613021850586,44.56603240966797,35.540809631347656,29.167499542236328,43.20054626464844,158.2116241455078,80.65828704833984
2016-01-28,21.15678596496582,45.296913146972656,37.06231689453125,31.767499923706055,43.382328033447266,159.03579711914062,80.72495269775391
2016-01-29,21.887571334838867,47.93328857421875,37.70867919921875,29.350000381469727,45.063690185546875,162.9126434326172,80.96189117431641
2016-02-01,21.68294906616211,47.602638244628906,38.175235748291016,28.74049949645996,44.57897186279297,162.85377502441406,80.86393737792969
2016-02-02,21.244489669799805,46.11479949951172,38.67746353149414,27.604999542236328,43.19298553466797,159.91883850097656,81.10878753662109
2016-02-03,21.664962768554688,45.3839225769043,37.115814208984375,26.553499221801758,43.48078918457031,160.87754821777344,81.101318359375
2016-02-04,21.839038848876953,45.24470520019531,36.15743637084961,26.812999725341797,44.230587005615234,161.12985229492188,81.1829833984375
2016-02-05,21.25576400756836,43.643741607666016,34.85631561279297,25.10650062561035,43.73828887939453,158.06028747558594,81.10878753662109
2016-02-08,21.47957420349121,42.99115753173828,34.876129150390625,24.405000686645508,42.821861267089844,155.9326171875,81.42041015625
2016-02-09,21.475053787231445,42.8780632019043,34.720603942871094,24.103500366210938,42.56435012817383,155.9410400390625,81.41300964355469
2016-02-10,21.312274932861328,43.252201080322266,35.009361267089844,24.52400016784668,42.049354553222656,155.80648803710938,81.61334228515625
2016-02-11,21.183420181274414,43.23480224609375,34.98509216308594,25.19099998474121,40.19377899169922,153.77975463867188,81.66527557373047
2016-02-12,21.248977661132812,43.939571380615234,35.0113410949707,25.354000091552734,43.54136657714844,156.95021057128906,81.44264221191406
2016-02-16,21.848085403442383,44.77210235595703,35.54378128051758,26.05500030517578,44.192710876464844,159.59927368164062,81.24234008789062
2016-02-17,22.182676315307617,45.937625885009766,36.25352096557617,26.704999923706055,44.51081085205078,162.2062530517578,81.19781494140625
2016-02-18,21.762174606323242,45.73604965209961,35.5373420715332,26.25,43.78371810913086,161.5419464111328,81.44264221191406
2016-02-19,21.712440490722656,45.411827087402344,35.765167236328125,26.7450008392334,43.79131317138672,161.46615600585938,81.45749664306641
2016-02-22,21.902345657348633,46.13917541503906,36.1088981628418,27.975000381469727,44.35933303833008,163.80409240722656,81.47977447509766
2016-02-23,21.4072322845459,44.85096740722656,35.52643585205078,27.64699935913086,42.5037727355957,161.73532104492188,81.49453735351562
2016-02-24,21.726001739501953,45.00871658325195,35.705238342285156,27.70199966430664,42.5189208984375,162.4753875732422,81.52424621582031
2016-02-25,21.875219345092773,45.657188415527344,36.11236572265625,27.75749969482422,43.1778450012207,164.44320678710938,81.73204040527344
2016-02-26,21.90912437438965,44.956119537353516,35.9013786315918,27.761499404907227,43.5792350769043,164.06480407714844,81.58364105224609
2016-02-29,21.859384536743164,44.58806610107422,35.52296829223633,27.625999450683594,42.64009475708008,162.77810668945312,81.68009948730469
2016-03-01,22.727521896362305,46.07784652709961,36.75872039794922,28.95199966430664,44.836483001708984,166.60452270507812,81.43553161621094
2016-03-02,22.777263641357422,46.40209197998047,36.62548828125,29.010499954223633,45.26060104370117,167.35301208496094,81.34627532958984
2016-03-03,22.946815490722656,45.87627410888672,36.23469543457031,28.874500274658203,45.412078857421875,168.00894165039062,81.44289398193359
2016-03-04,23.288196563720703,45.59585189819336,36.166847229003906,28.756999969482422,45.480255126953125,168.55560302734375,81.31656646728516
2016-03-07,23.03046989440918,44.71950912475586,35.30405807495117,28.139999389648438,45.396934509277344,168.69015502929688,81.29425811767578
2016-03-08,22.840559005737305,45.26286315917969,35.34021759033203,28.01300048828125,44.51837921142578,166.8484649658203,81.49496459960938
2016-03-09,22.860902786254883,46.30569076538086,35.928611755371094,27.973499298095703,44.77589416503906,167.67257690429688,81.457763671875
2016-03-10,22.872217178344727,45.61338424682617,36.263427734375,27.946500778198242,44.38962936401367,167.80706787109375,81.49496459960938
2016-03-11,23.11863136291504,46.50724792480469,36.8924446105957,28.480499267578125,44.9425163269043,170.51504516601562,81.34627532958984
2016-03-14,23.177410125732422,46.59487533569336,37.15841293334961,28.668500900268555,44.77589416503906,170.29641723632812,81.39090728759766
2016-03-15,23.64313507080078,46.96294403076172,37.174747467041016,28.85099983215332,44.836483001708984,170.01889038085938,81.31656646728516
2016-03-16,23.957382202148438,47.62895584106445,37.51105880737305,28.713499069213867,44.624412536621094,171.00282287597656,81.66594696044922
2016-03-17,23.91895294189453,47.9006233215332,37.56652069091797,27.972000122070312,44.49565887451172,172.087646484375,81.83694458007812
2016-03-18,23.946073532104492,46.875301361083984,37.41447448730469,27.604000091552734,45.8059196472168,172.7639617919922,81.90388488769531
2016-03-21,23.943822860717773,47.199546813964844,37.74879837036133,27.698999404907227,45.79076385498047,173.00904846191406,81.72541046142578
2016-03-22,24.12693977355957,47.38357162475586,37.644287109375,28.02400016784668,45.62415313720703,172.916015625,81.67340087890625
2016-03-23,23.993553161621094,47.295963287353516,37.52096176147461,28.48150062561035,45.396934509277344,171.77490234375,81.851806640625
2016-03-24,23.88956069946289,47.50626754760742,37.38624572753906,29.147499084472656,45.04853820800781,171.69879150390625,81.85926818847656
2016-03-28,23.781038284301758,46.919124603271484,37.308982849121094,28.993499755859375,44.98794937133789,171.8002471923828,81.91873168945312
2016-03-29,24.343978881835938,47.94442367553711,37.93353271484375,29.69300079345703,44.70772933959961,173.38943481445312,82.1640625
2016-03-30,24.768999099731445,48.24238586425781,38.05488204956055,29.934499740600586,45.22273254394531,174.15025329589844,82.13430023193359
2016-03-31,24.6401309967041,48.40012741088867,37.78545379638672,29.68199920654297,44.85163879394531,173.72755432128906,82.39450073242188
2016-04-01,24.866212844848633,48.69809341430664,38.120758056640625,29.924999237060547,45.34391784667969,174.9109344482422,82.32147979736328
2016-04-04,25.121685028076172,48.57540512084961,37.8953971862793,29.659500122070312,45.16844177246094,174.3446502685547,82.40345764160156
2016-04-05,24.82552146911621,47.812984466552734,37.57099151611328,29.30699920654297,44.52753829956055,172.6033935546875,82.51520538330078
2016-04-06,25.08550262451172,48.303733825683594,38.041500091552734,30.104000091552734,44.870872497558594,174.48831176757812,82.50029754638672
2016-04-07,24.538394927978516,47.72536087036133,37.64775848388672,29.571500778198242,43.7340202331543,172.4004364013672,82.67905426025391
2016-04-08,24.565532684326172,47.6902961730957,37.615562438964844,29.729999542236328,44.05448532104492,172.8653564453125,82.59711456298828
2016-04-11,24.64691162109375,47.59389877319336,37.519962310791016,29.796499252319336,44.405460357666016,172.45960998535156,82.65675354003906
2016-04-12,24.96794319152832,47.89185333251953,37.85577392578125,30.15850067138672,45.22947311401367,174.06568908691406,82.52264404296875
2016-04-13,25.329668045043945,48.50528335571289,38.2317008972168,30.740999221801758,47.144554138183594,175.8238983154297,82.55989837646484
2016-04-14,25.343236923217773,48.51405715942383,38.40406036376953,31.037500381469727,47.75492477416992,175.83236694335938,82.41832733154297
2016-04-15,24.834566116333008,48.76820755004883,38.63237762451172,31.29450035095215,47.205589294433594,175.63792419433594,82.64923858642578
2016-04-18,24.298755645751953,49.478023529052734,39.01276779174805,31.767499923706055,47.51079177856445,176.87213134765625,82.64189147949219
2016-04-19,24.169898986816406,49.41667938232422,38.4466552734375,31.395000457763672,48.31191635131836,177.42999267578125,82.63442230224609
2016-04-20,24.219627380371094,48.71561050415039,38.38077926635742,31.649499893188477,49.01384353637695,177.59910583496094,82.43325805664062
2016-04-21,23.957382202148438,48.88212203979492,38.63237762451172,31.549999237060547,48.52554702758789,176.64389038085938,82.32147979736328
2016-04-22,23.891820907592773,45.37676239013672,36.5407829284668,31.024999618530273,48.8078498840332,176.64389038085938,82.32896423339844
2016-04-25,23.756174087524414,45.665958404541016,36.76069641113281,31.309999465942383,48.52554702758789,176.33958435058594,82.23957824707031
2016-04-26,23.591142654418945,45.078819274902344,35.926639556884766,30.8439998626709,48.77733612060547,176.6016082763672,82.20236206054688
2016-04-27,22.1148624420166,44.64064025878906,35.73297882080078,30.328500747680664,48.9146614074707,176.96507263183594,82.4481201171875
2016-04-28,21.438886642456055,43.729244232177734,34.92070770263672,30.100000381469727,48.52554702758789,175.35899353027344,82.61204528808594
2016-04-29,21.192453384399414,43.702964782714844,35.06037139892578,32.97949981689453,48.22036361694336,174.4122772216797,82.60459899902344
2016-05-02,21.16985511779785,44.351444244384766,35.3838005065918,34.192501068115234,48.67050552368164,175.79855346679688,82.54862213134766
2016-05-03,21.51801109313965,43.62408447265625,35.08810806274414,33.566001892089844,47.732051849365234,174.26858520507812,82.69788360595703
2016-05-04,21.294198989868164,43.702964782714844,35.23322677612305,33.54499816894531,46.976707458496094,173.29641723632812,82.73526763916016
2016-05-05,21.207767486572266,43.76430130004883,35.398658752441406,32.954498291015625,46.72490692138672,173.2626190185547,82.94415283203125
2016-05-06,21.089488983154297,44.15865707397461,35.91722106933594,33.6974983215332,46.99958038330078,173.89657592773438,82.81729888916016
2016-05-09,21.105405807495117,43.87822723388672,36.11286163330078,33.98749923706055,46.702030181884766,174.0403594970703,82.86949920654297
2016-05-10,21.248703002929688,44.71076583862305,36.62052917480469,35.153499603271484,47.33530044555664,176.20431518554688,82.90683746337891
2016-05-11,21.041715621948242,44.73704528808594,36.18319320678711,35.6614990234375,47.15980529785156,174.55596923828125,82.90683746337891
2016-05-12,20.54814910888672,45.1401481628418,36.060359954833984,35.89649963378906,47.12929153442383,174.60665893554688,82.83218383789062
2016-05-13,20.589086532592773,44.76333236694336,35.89988327026367,35.49599838256836,46.69438934326172,173.08509826660156,82.98894500732422
2016-05-16,21.353328704833984,45.42058563232422,36.170806884765625,35.53300094604492,47.04536437988281,174.79266357421875,82.84714508056641
2016-05-17,21.26462173461914,44.573421478271484,35.67007064819336,34.76350021362305,47.04536437988281,173.1612091064453,82.73526763916016
2016-05-18,21.50800132751465,44.83815383911133,35.74882507324219,34.872501373291016,48.86126708984375,173.2119140625,82.39189147949219
2016-05-19,21.426111221313477,44.40574264526367,35.428375244140625,34.92599868774414,48.36531448364258,172.61178588867188,82.44416046142578
2016-05-20,21.658123016357422,44.67048645019531,35.74535369873047,35.13999938964844,48.456871032714844,173.70225524902344,82.49636077880859
2016-05-23,21.93333625793457,44.14982604980469,35.52445983886719,34.837501525878906,48.41873550415039,173.4654998779297,82.48143005371094
2016-05-24,22.267696380615234,45.52648162841797,36.30602264404297,35.209999084472656,49.24275588989258,175.7140350341797,82.43666076660156
2016-05-25,22.658918380737305,45.99418640136719,36.55712890625,35.41749954223633,49.990478515625,176.90586853027344,82.45160675048828
2016-05-26,22.838607788085938,45.79121398925781,36.49918746948242,35.74549865722656,49.616615295410156,176.95663452148438,82.57847595214844
2016-05-27,22.82495880126953,46.17068099975586,37.027652740478516,35.61199951171875,49.92179870605469,177.7173614501953,82.56355285644531
2016-05-31,22.713502883911133,46.770751953125,37.089569091796875,36.13949966430664,49.799720764160156,177.37933349609375,82.61576843261719
2016-06-01,22.39506721496582,46.63838577270508,37.07025909423828,35.97200012207031,50.120182037353516,177.74281311035156,82.56942749023438
2016-06-02,22.226762771606445,46.311866760253906,36.86272048950195,36.4119987487793,50.21174240112305,178.2837371826172,82.77879333496094
2016-06-03,22.272241592407227,45.702972412109375,36.446189880371094,36.277000427246094,49.31904220581055,177.75125122070312,83.22749328613281
2016-06-06,22.433734893798828,46.00300979614258,36.15892028808594,36.33649826049805,49.807350158691406,178.65573120117188,83.11531066894531
2016-06-07,22.52471351623535,45.976524353027344,36.20993423461914,36.1870002746582,49.63949966430664,178.9346466064453,83.19005584716797
2016-06-08,22.504247665405273,45.92359924316406,36.796356201171875,36.332000732421875,49.78445816040039,179.5178985595703,83.21998596191406
2016-06-09,22.665740966796875,45.55296325683594,36.776058197021484,36.38249969482422,49.40296936035156,179.27284240722656,83.27982330322266
2016-06-10,22.479228973388672,45.42941665649414,36.3139533996582,35.89550018310547,48.70866012573242,177.57374572753906,83.39198303222656
2016-06-13,22.140321731567383,44.24689865112305,36.24906921386719,35.762001037597656,48.27376937866211,176.20431518554688,83.45927429199219
2016-06-14,22.167617797851562,43.97333526611328,36.316917419433594,35.96500015258789,47.365821838378906,175.85772705078125,83.42189788818359
2016-06-15,22.09482765197754,43.84979248046875,36.26442337036133,35.7130012512207,47.28187942504883,175.612548828125,83.60135650634766
2016-06-16,22.188091278076172,44.46752166748047,35.871158599853516,35.8754997253418,47.47263717651367,176.13668823242188,83.6536865234375
2016-06-17,21.683135986328125,44.23809051513672,34.88058853149414,35.31949996948242,47.51841354370117,175.48072814941406,83.59384918212891
2016-06-20,21.630823135375977,44.18512725830078,34.97370910644531,35.70050048828125,47.58708190917969,176.61083984375,83.36206817626953
2016-06-21,21.815065383911133,45.17348861694336,35.109901428222656,35.79100036621094,48.02960968017578,177.11215209960938,83.30225372314453
2016-06-22,21.73318099975586,44.99699401855469,35.18865966796875,35.529998779296875,47.84648895263672,176.82325744628906,83.35460662841797
2016-06-23,21.8582763671875,45.80887222290039,35.40658187866211,36.104000091552734,48.868892669677734,179.12596130371094,83.2125244140625
2016-06-24,21.244157791137695,43.97333526611328,33.93706512451172,34.948001861572266,45.4736328125,172.69374084472656,83.66115570068359
2016-06-27,20.934814453125,42.73789978027344,33.73597717285156,34.56800079345703,43.955291748046875,169.6007537841797,83.99769592285156
2016-06-28,21.287364959716797,43.62917709350586,34.23721694946289,35.397499084472656,45.4125862121582,172.65966796875,84.10236358642578
2016-06-29,21.471601486206055,44.59989929199219,34.431854248046875,35.779998779296875,46.69438934326172,175.5996551513672,84.04256439208984
2016-06-30,21.744550704956055,45.15584945678711,34.84492492675781,35.78099822998047,47.411598205566406,177.99583435058594,84.21453857421875
2016-07-01,21.810518264770508,45.14701843261719,35.177757263183594,36.284000396728516,47.10402297973633,178.3697052001953,84.39584350585938
2016-07-05,21.605810165405273,45.15584945678711,34.91228103637695,36.404998779296875,45.78917694091797,177.08663940429688,84.62059020996094
2016-07-06,21.7286319732666,45.34115982055664,35.11436462402344,36.88050079345703,46.28128433227539,178.14881896972656,84.77790832519531
2016-07-07,21.821882247924805,45.34115982055664,35.029666900634766,36.82849884033203,46.58116149902344,178.038330078125,84.71798706054688
2016-07-08,21.990203857421875,46.15303039550781,35.55070877075195,37.29050064086914,47.54231643676758,180.6893768310547,84.84534454345703
2016-07-11,22.058435440063477,46.408939361572266,36.01727294921875,37.68899917602539,47.88063049316406,181.32664489746094,84.62059020996094
2016-07-12,22.15851402282715,46.9560661315918,36.28026580810547,37.410499572753906,48.59573745727539,182.6437225341797,84.36587524414062
2016-07-13,22.033422470092773,47.220821380615234,36.13019943237305,37.131500244140625,48.56496810913086,182.61822509765625,84.48572540283203
2016-07-14,22.470130920410156,47.423789978027344,36.44321823120117,37.060001373291016,49.30314636230469,183.63787841796875,84.41082763671875
2016-07-15,22.467853546142578,47.388484954833984,36.43479919433594,36.77199935913086,49.349281311035156,183.39144897460938,84.10366058349609
2016-07-18,22.70667839050293,47.61792755126953,37.30501937866211,36.80350112915039,49.18010711669922,183.88426208496094,84.11863708496094
2016-07-19,22.715774536132812,46.85018539428711,37.31542205810547,36.997501373291016,49.10322952270508,183.6973114013672,84.29096221923828
2016-07-20,22.736251831054688,49.33872985839844,37.4971809387207,37.2859992980957,49.15704345703125,184.4620819091797,84.21601104736328
2016-07-21,22.615697860717773,49.241668701171875,37.36494445800781,37.221500396728516,48.97249984741211,183.76531982421875,84.29096221923828
2016-07-22,22.440561294555664,49.92116928100586,37.60615158081055,37.24300003051758,49.24162673950195,184.58956909179688,84.30594635009766
2016-07-25,22.140321731567383,50.0623664855957,37.51898193359375,36.980499267578125,49.110904693603516,184.08819580078125,84.20854187011719
2016-07-26,21.987926483154297,50.08883285522461,37.525421142578125,36.77949905395508,49.31082534790039,184.17318725585938,84.20854187011719
2016-07-27,23.416345596313477,49.58583068847656,37.7393798828125,36.833499908447266,49.46461868286133,183.97772216796875,84.45574188232422
2016-07-28,23.732494354248047,49.60346984863281,37.93105697631836,37.63050079345703,49.28778076171875,184.19020080566406,84.44830322265625
2016-07-29,23.70292854309082,50.01823806762695,39.19404220581055,37.94049835205078,49.187808990478516,184.48757934570312,84.67304992675781
2016-08-01,24.121442794799805,49.929988861083984,39.66952133178711,38.387001037597656,49.057090759277344,184.33460998535156,84.47566986083984
2016-08-02,23.764341354370117,49.929988861083984,39.628902435302734,38.02899932861328,48.941749572753906,183.153564453125,84.22792053222656
2016-08-03,24.06230354309082,50.2741584777832,39.56947326660156,37.731998443603516,49.71835708618164,183.68887329101562,84.31801605224609
2016-08-04,24.210954666137695,50.64478302001953,39.48676681518555,38.03850173950195,49.64146423339844,183.88426208496094,84.47566986083984
2016-08-05,24.57914161682129,51.14780044555664,39.966190338134766,38.29899978637695,50.9793815612793,185.3882598876953,84.19041442871094
2016-08-08,24.78266143798828,51.23604202270508,39.88199996948242,38.327999114990234,50.82560348510742,185.2777557373047,84.24295806884766
2016-08-09,24.88328742980957,51.35957717895508,39.993431091308594,38.41550064086914,50.64875411987305,185.3882598876953,84.46065521240234
2016-08-10,24.698047637939453,51.20074462890625,40.04345703125,38.428001403808594,50.19508361816406,184.929443359375,84.55821990966797
2016-08-11,24.682037353515625,51.447837829589844,40.029090881347656,38.5620002746582,50.33347702026367,185.78762817382812,84.33307647705078
2016-08-12,24.739206314086914,51.13015365600586,39.97213363647461,38.62799835205078,50.22584533691406,185.6261444091797,84.53569793701172
2016-08-15,25.036502838134766,51.28899383544922,39.91815185546875,38.42449951171875,50.53341293334961,186.1614532470703,84.38557434082031
2016-08-16,25.013633728027344,51.00483322143555,39.68190002441406,38.20199966430664,50.52571487426758,185.2013397216797,84.33307647705078
2016-08-17,24.97704315185547,51.11139678955078,39.89140319824219,38.23149871826172,50.664127349853516,185.54969787597656,84.4906005859375
2016-08-18,24.945022583007812,51.14690017700195,39.75917053222656,38.222999572753906,50.71026611328125,185.96607971191406,84.61073303222656
2016-08-19,25.009057998657227,51.164669036865234,39.60562515258789,37.865501403808594,50.64105987548828,185.69410705566406,84.42311096191406
2016-08-22,24.814680099487305,51.20907211303711,39.471893310546875,37.9739990234375,50.59492492675781,185.68563842773438,84.55067443847656
2016-08-23,24.892433166503906,51.40441131591797,39.454063415527344,38.122501373291016,50.57185745239258,186.05953979492188,84.57320404052734
2016-08-24,24.70490837097168,51.45771789550781,39.305973052978516,37.86249923706055,50.71026611328125,185.10784912109375,84.54319763183594
2016-08-25,24.59971809387207,51.65306091308594,39.19206237792969,37.96099853515625,50.80253219604492,184.9803924560547,84.45314788818359
2016-08-26,24.45564079284668,51.52873229980469,39.28715515136719,38.45000076293945,50.917884826660156,184.63204956054688,84.31801605224609
2016-08-29,24.428197860717773,51.59088897705078,39.41593551635742,38.56449890136719,51.47916793823242,185.5412139892578,84.55067443847656
2016-08-30,24.240676879882812,51.40441131591797,39.22276306152344,38.37900161743164,51.90208435058594,185.2352752685547,84.50565338134766
2016-08-31,24.263547897338867,51.022605895996094,39.120243072509766,38.45800018310547,51.90208435058594,184.70846557617188,84.4906005859375
2016-09-01,24.40761375427246,51.138038635253906,39.19700622558594,38.53099822998047,51.67910385131836,184.71701049804688,84.5643310546875
2016-09-02,24.636306762695312,51.20907211303711,39.46792984008789,38.62200164794922,51.894405364990234,185.54969787597656,84.45155334472656
2016-09-06,24.62944793701172,51.155792236328125,40.02018356323242,39.44350051879883,51.8559684753418,186.11050415039062,84.63204956054688
2016-09-07,24.78036880493164,51.20018768310547,40.01869201660156,39.2239990234375,51.64064407348633,186.093505859375,84.67710113525391
2016-09-08,24.130908966064453,50.99594497680664,39.76362228393555,39.202999114990234,51.70985794067383,185.66859436035156,84.38387298583984
2016-09-09,23.584348678588867,49.912628173828125,39.052391052246094,38.00699996948242,51.248512268066406,181.22471618652344,84.01544189453125
2016-09-12,24.112613677978516,50.65852737426758,39.56451416015625,38.574501037597656,51.56375503540039,183.8248291015625,84.08306884765625
2016-09-13,24.686609268188477,50.1967887878418,39.06427764892578,38.050498962402344,51.1562385559082,181.18218994140625,83.85001373291016
2016-09-14,25.560192108154297,49.95703125,39.15045166015625,38.054500579833984,51.0562858581543,181.1141815185547,83.95525360107422
2016-09-15,26.42919921875,50.78285217285156,39.68388366699219,38.484500885009766,51.240821838378906,182.9241485595703,84.00789642333984
2016-09-16,26.28055763244629,50.83612823486328,39.522422790527344,38.92599868774414,50.610294342041016,182.21702575683594,84.06805419921875
2016-09-19,25.97411346435547,50.55199432373047,39.394630432128906,38.755001068115234,50.89479446411133,182.25115966796875,84.00041961669922
2016-09-20,25.971832275390625,50.44541931152344,39.612064361572266,39.01100158691406,51.10239791870117,182.2597198486328,84.03047180175781
2016-09-21,25.96725082397461,51.28899002075195,39.872093200683594,39.48699951171875,51.394596099853516,184.30929565429688,84.24102020263672
2016-09-22,26.211946487426758,51.34226989746094,40.412940979003906,40.23500061035156,51.81749725341797,185.47067260742188,84.41393280029297
2016-09-23,25.775157928466797,50.99594497680664,40.36390686035156,40.287498474121094,51.70985794067383,184.45445251464844,84.39137268066406
2016-09-26,25.814035415649414,50.52532958984375,39.75421142578125,39.95800018310547,50.57954788208008,182.95999145507812,84.49668884277344
2016-09-27,25.86205291748047,51.45771789550781,40.15440368652344,40.80550003051758,51.0255126953125,184.09580993652344,84.60193634033203
2016-09-28,26.058727264404297,51.52873229980469,40.121219635009766,41.43600082397461,51.29463195800781,185.00958251953125,84.62449645996094
2016-09-29,25.653955459594727,50.96933364868164,39.753719329833984,41.45249938964844,50.479583740234375,183.33570861816406,84.62449645996094
2016-09-30,25.8529109954834,51.14690017700195,39.82404708862305,41.865501403808594,51.20236587524414,184.71917724609375,84.53421020507812
2016-10-03,25.731704711914062,50.987083435058594,39.64178466796875,41.83700180053711,51.140865325927734,184.27508544921875,84.43860626220703
2016-10-04,25.84147834777832,50.82724380493164,39.76113510131836,41.701499938964844,51.58231735229492,183.33570861816406,84.15234375
2016-10-05,25.8529109954834,51.182430267333984,39.68388366699219,42.21799850463867,52.42654800415039,184.1470489501953,84.03929138183594
2016-10-06,26.04500961303711,51.27123260498047,39.775508880615234,42.08300018310547,52.565948486328125,184.27508544921875,84.03929138183594
2016-10-07,26.083879470825195,51.32450485229492,39.65813064575195,41.971500396728516,52.7518424987793,183.6431427001953,84.05440521240234
2016-10-10,26.538969039916992,51.53761672973633,40.32478332519531,42.08549880981445,53.16232681274414,184.5996551513672,84.01670837402344
2016-10-11,26.596141815185547,50.78285217285156,40.096954345703125,41.54999923706055,52.906742095947266,182.26820373535156,83.88866424560547
2016-10-12,26.833969116210938,50.711814880371094,40.20591735839844,41.704498291015625,52.7673225402832,182.5074005126953,83.9188232421875
2016-10-13,26.751644134521484,50.54309844970703,39.82503890991211,41.4640007019043,52.46526336669922,181.9095001220703,84.03929138183594
2016-10-14,26.900287628173828,50.987083435058594,39.850791931152344,41.14799880981445,52.29486846923828,182.0034942626953,83.89619445800781
2016-10-17,26.88199234008789,50.80948257446289,39.96173858642578,40.647499084472656,52.02379608154297,181.37156677246094,84.03929138183594
2016-10-18,26.86370086669922,51.20018768310547,40.68733215332031,40.88249969482422,52.43431091308594,182.5074005126953,84.17494201660156
2016-10-19,26.783658981323242,51.08475875854492,40.952308654785156,40.884498596191406,52.937705993652344,182.994140625,84.22012329101562
2016-10-20,26.769941329956055,50.83612823486328,40.69426727294922,40.51599884033203,52.86801528930664,182.6525421142578,84.19004058837891
2016-10-21,26.664743423461914,52.97613525390625,40.81462478637695,40.949501037597656,53.046138763427734,182.73794555664062,84.24272155761719
2016-10-24,26.904863357543945,54.16600036621094,41.39311218261719,41.90449905395508,53.3404655456543,183.51507568359375,84.11466217041016
2016-10-25,27.042076110839844,54.15713119506836,41.0369987487793,41.75899887084961,53.2862548828125,182.90016174316406,84.11466217041016
2016-10-26,26.43377113342285,53.837459564208984,40.71754455566406,41.12950134277344,53.54183578491211,182.53297424316406,83.94894409179688
2016-10-27,26.179931640625,53.36683654785156,40.48228454589844,40.917999267578125,53.619293212890625,182.0462188720703,83.73801422119141
2016-10-28,26.006135940551758,53.162601470947266,40.59174346923828,38.816001892089844,53.52634811401367,181.5081787109375,83.73801422119141
2016-10-31,25.96497344970703,53.20699691772461,40.11329650878906,39.49100112915039,53.642520904541016,181.5166778564453,83.84346771240234
2016-11-01,25.496156692504883,53.10044860839844,39.89437484741211,39.27050018310547,53.417911529541016,180.20159912109375,83.79819488525391
2016-11-02,25.51902961730957,52.77188491821289,39.049415588378906,38.27799987792969,53.193321228027344,179.11705017089844,83.89630889892578
2016-11-03,25.245498657226562,52.5765380859375,38.740848541259766,38.35150146484375,52.960941314697266,178.29713439941406,83.78309631347656
2016-11-04,25.017932891845703,52.13254928588867,38.686866760253906,37.752498626708984,52.48074722290039,178.10073852539062,83.95667266845703
2016-11-07,25.378820419311523,53.65098190307617,39.7234992980957,39.246498107910156,54.12272262573242,182.0290985107422,83.85855102539062
2016-11-08,25.528223037719727,53.69538116455078,40.21631622314453,39.38750076293945,54.238887786865234,182.84896850585938,83.72274017333984
2016-11-09,25.486854553222656,53.42898178100586,39.899818420410156,38.59400177001953,56.732826232910156,184.7875213623047,82.94535064697266
2016-11-10,24.77658462524414,52.123687744140625,38.646751403808594,37.11899948120117,59.36614990234375,185.24864196777344,82.60574340820312
2016-11-11,24.923694610595703,52.4078254699707,38.223777770996094,36.95050048828125,59.397098541259766,184.8216552734375,82.45473480224609
2016-11-14,24.29846954345703,51.6086540222168,37.30600357055664,35.95349884033203,61.58125305175781,184.9668731689453,82.12268829345703
2016-11-15,24.620281219482422,52.627777099609375,38.39266586303711,37.1619987487793,61.465065002441406,186.4101104736328,82.18305206298828
2016-11-16,25.282278060913086,53.32508087158203,38.63140106201172,37.324501037597656,59.947044372558594,186.0599822998047,82.36422729492188
2016-11-17,25.273080825805664,54.21009063720703,38.93748092651367,37.81999969482422,60.427215576171875,187.01644897460938,82.05471801757812
2016-11-18,25.298362731933594,53.950843811035156,38.43278884887695,38.007999420166016,60.18711853027344,186.59799194335938,81.79061889648438
2016-11-21,25.682233810424805,54.40677261352539,38.8701286315918,39.0,60.45046615600586,188.00709533691406,81.85851287841797
2016-11-22,25.698322296142578,54.639198303222656,38.880027770996094,39.26649856567383,60.822208404541016,188.3743133544922,81.93397521972656
2016-11-23,25.56730079650879,53.99554443359375,38.582855224609375,39.00600051879883,61.07782745361328,188.47677612304688,81.64720153808594
2016-11-25,25.696022033691406,54.11177062988281,38.64378356933594,39.01850128173828,61.05457305908203,189.17703247070312,81.63965606689453
2016-11-28,25.645450592041016,54.18327713012695,38.91915512084961,38.3385009765625,60.65959167480469,188.28895568847656,81.92644500732422
2016-11-29,25.620166778564453,54.61237716674805,39.09994125366211,38.125999450683594,61.12428665161133,188.65615844726562,82.01699066162109
2016-11-30,25.404102325439453,53.870391845703125,38.42832946777344,37.528499603271484,62.0924186706543,188.20355224609375,81.69248199462891
2016-12-01,25.16734504699707,52.92278289794922,37.85626983642578,37.182498931884766,63.347129821777344,187.51177978515625,81.42328643798828
2016-12-02,25.26158905029297,52.967472076416016,37.86271286010742,37.016998291015625,63.1999626159668,187.60569763183594,81.68040466308594
2016-12-05,25.079992294311523,53.83463668823242,38.54423141479492,37.96799850463867,64.48566436767578,188.73297119140625,81.74842071533203
2016-12-06,25.273080825805664,53.59326171875,38.44318771362305,38.236000061035156,64.81868743896484,189.33078002929688,81.73332214355469
2016-12-07,25.52132797241211,54.86267852783203,39.20048141479492,38.520999908447266,65.11299896240234,191.80738830566406,81.94503021240234
2016-12-08,25.771875381469727,54.5408821105957,39.38374328613281,38.36650085449219,65.92625427246094,192.27703857421875,81.79380035400391
2016-12-09,26.19251823425293,55.3990592956543,40.091007232666016,38.43299865722656,66.21278381347656,193.43850708007812,81.54424285888672
2016-12-12,26.043109893798828,55.5778694152832,40.014244079589844,38.00600051879883,65.62417602539062,193.2165069580078,81.46868133544922
2016-12-13,26.4775447845459,56.30198669433594,40.382728576660156,38.71699905395508,65.64741516113281,194.50599670410156,81.57451629638672
2016-12-14,26.4775447845459,56.033782958984375,40.509029388427734,38.441001892089844,65.62417602539062,192.90049743652344,81.12839508056641
2016-12-15,26.622358322143555,55.94438552856445,40.39807891845703,38.04999923706055,66.6077880859375,193.6946563720703,81.03008270263672
2016-12-16,26.656835556030273,55.69408416748047,40.11032485961914,37.88850021362305,65.78683471679688,193.3158416748047,81.08302307128906
2016-12-19,26.810840606689453,56.87411880493164,40.242069244384766,38.29999923706055,66.16634368896484,193.73680114746094,81.29474639892578
2016-12-20,26.882102966308594,56.8026008605957,40.37579345703125,38.56100082397461,67.01829528808594,194.48416137695312,81.21912384033203
2016-12-21,26.90738296508789,56.8026008605957,40.227210998535156,38.529998779296875,67.18868255615234,193.94296264648438,81.39307403564453
2016-12-22,26.73039436340332,56.81154251098633,40.1024055480957,38.31700134277344,67.2971420288086,193.6079559326172,81.39228820800781
2016-12-23,26.783262252807617,56.53440475463867,40.009273529052734,38.02949905395508,67.42105865478516,193.8914337158203,81.4150390625
2016-12-27,26.953351974487305,56.57017517089844,40.114776611328125,38.56999969482422,67.4830093383789,194.37249755859375,81.35440063476562
2016-12-28,26.838430404663086,56.310916900634766,39.84930419921875,38.60649871826172,66.99505615234375,192.76608276367188,81.48324584960938
2016-12-29,26.83153533935547,56.23046875,39.76560974121094,38.25749969482422,66.52259826660156,192.72314453125,81.73332977294922
2016-12-30,26.622358322143555,55.551048278808594,39.2490234375,37.493499755859375,66.83240509033203,192.01870727539062,81.90007019042969
2017-01-03,26.698213577270508,55.94438552856445,40.01968765258789,37.68349838256836,67.56047058105469,193.48768615722656,81.98344421386719
2017-01-04,26.6683292388916,55.69408416748047,40.007808685302734,37.85900115966797,67.68506622314453,194.63876342773438,82.00620269775391
2017-01-05,26.80394744873047,55.69408416748047,40.267826080322266,39.022499084472656,67.06201171875,194.48416137695312,82.34722900390625
2017-01-06,27.102764129638672,56.176822662353516,40.871578216552734,39.79949951171875,67.06983184814453,195.18002319335938,82.07438659667969
2017-01-09,27.35101318359375,55.9980354309082,40.96915054321289,39.84600067138672,67.11656188964844,194.53565979003906,82.21084594726562
2017-01-10,27.378599166870117,55.98015594482422,40.91120147705078,39.79499816894531,67.31121826171875,194.53565979003906,82.18809509277344
2017-01-11,27.525714874267578,56.489715576171875,41.10188674926758,39.95100021362305,67.81745910644531,195.08546447753906,82.28662109375
2017-01-12,27.4107723236084,55.97121047973633,41.08554458618164,40.68199920654297,67.16327667236328,194.5958251953125,82.31693267822266
2017-01-13,27.362499237060547,56.05166244506836,41.15538024902344,40.856998443603516,67.52151489257812,195.0425262451172,82.17292022705078
2017-01-17,27.583168029785156,55.899688720703125,40.98301696777344,40.486000061035156,65.06832122802734,194.35533142089844,82.45336151123047
2017-01-18,27.580873489379883,55.87287521362305,41.06028366088867,40.374000549316406,65.3720474243164,194.78480529785156,82.09715270996094
2017-01-19,27.532604217529297,55.69408416748047,40.82997512817383,40.45199966430664,64.87360382080078,194.0631866455078,81.88490295410156
2017-01-20,27.583168029785156,56.087432861328125,41.01818084716797,40.416500091552734,65.16175079345703,194.7762451171875,81.91523742675781
2017-01-23,27.601560592651367,56.28409957885742,41.823524475097656,40.89400100708008,65.19290924072266,194.2693634033203,82.14262390136719
2017-01-24,27.576276779174805,56.78472137451172,42.07612228393555,41.12200164794922,65.9794921875,195.51498413085938,82.01375579833984
2017-01-25,28.015304565429688,56.92776107788086,42.517906188964844,41.82600021362305,66.99972534179688,197.20724487304688,81.79395294189453
2017-01-26,28.029096603393555,57.4552001953125,42.44510269165039,41.95750045776367,67.56045532226562,197.00111389160156,81.8470458984375
2017-01-27,28.03139305114746,58.805084228515625,41.853233337402344,41.78850173950195,67.70063781738281,196.69189453125,81.91523742675781
2017-01-30,27.95784568786621,58.22399139404297,40.80323028564453,41.51900100708008,66.99972534179688,195.4720458984375,81.87735748291016
2017-01-31,27.89348030090332,57.794891357421875,40.622947692871094,41.17399978637695,65.90941619873047,195.45486450195312,82.07438659667969
2017-02-01,29.594449996948242,56.838356018066406,40.37778091430664,41.61750030517578,66.15861511230469,195.53213500976562,81.95895385742188
2017-02-02,29.54387664794922,56.471824645996094,40.52735137939453,41.997501373291016,65.87826538085938,195.66098022460938,82.0045166015625
2017-02-03,29.67029571533203,56.92776107788086,40.619964599609375,40.5099983215332,67.89534759521484,197.00967407226562,82.02732849121094
2017-02-06,29.94841957092285,56.89200210571289,40.69377136230469,40.38199996948242,67.57600402832031,196.65745544433594,82.26274108886719
2017-02-07,30.23345947265625,56.70427322387695,41.070682525634766,40.625,67.53711700439453,196.66612243652344,82.34628295898438
2017-02-08,30.350688934326172,56.62381362915039,41.102874755859375,40.98550033569336,66.9451904296875,196.9237823486328,82.58169555664062
2017-02-09,30.56999397277832,57.2674674987793,41.111793518066406,41.06800079345703,67.91089630126953,198.09205627441406,82.38427734375
2017-02-10,30.50074005126953,57.21382522583008,41.34903335571289,41.37300109863281,67.75513458251953,198.87374877929688,82.36904144287109
2017-02-13,30.770841598510742,57.85746765136719,41.55259704589844,41.826499938964844,68.65076446533203,199.95611572265625,82.24755096435547
2017-02-14,31.17022132873535,58.07333755493164,41.605594635009766,41.81949996948242,69.74886322021484,200.7550811767578,82.06526947021484
2017-02-15,31.283344268798828,58.037357330322266,41.47137451171875,42.1349983215332,70.55101776123047,201.80307006835938,81.93617248535156
2017-02-16,31.24639892578125,58.028350830078125,41.711585998535156,42.207000732421875,70.50430297851562,201.6313018798828,82.11085510253906
2017-02-17,31.33182716369629,58.11831283569336,41.92851638793945,42.253501892089844,70.27066040039062,201.9490966796875,82.29313659667969
2017-02-21,31.55805206298828,58.001373291015625,42.06324005126953,42.821998596191406,70.87812805175781,203.1517333984375,82.2855224609375
2017-02-22,31.65271759033203,57.88447189331055,42.16675567626953,42.78049850463867,70.91706085205078,202.97132873535156,82.33867645263672
2017-02-23,31.51881217956543,58.11831283569336,42.14892578125,42.609500885009766,70.9715576171875,203.1088104248047,82.47541809082031
2017-02-24,31.54881477355957,58.11831283569336,41.99092102050781,42.262001037597656,70.3485336303711,203.36651611328125,82.77919006347656
2017-02-27,31.611156463623047,57.76755142211914,42.08305740356445,42.43199920654297,70.42640686035156,203.68438720703125,82.62729644775391
2017-02-28,31.62502098083496,57.542694091796875,41.84828186035156,42.25199890136719,70.57439422607422,203.1345977783203,82.60446166992188
2017-03-01,32.271400451660156,58.40609359741211,42.433719635009766,42.65399932861328,72.89521026611328,205.97799682617188,82.21636962890625
2017-03-02,32.079795837402344,57.56967544555664,42.09196472167969,42.445499420166016,71.75817108154297,204.68081665039062,82.06419372558594
2017-03-03,32.269100189208984,57.78553009033203,42.05382537841797,42.49399948120117,72.27215576171875,204.80970764160156,82.12506866455078
2017-03-06,32.167518615722656,57.80351638793945,41.96418380737305,42.330501556396484,71.58682250976562,204.1997528076172,82.08704376220703
2017-03-07,32.209083557128906,57.92042922973633,42.156349182128906,42.30099868774414,71.18965911865234,203.58982849121094,81.98051452636719
2017-03-08,32.08903503417969,58.45106506347656,42.27967834472656,42.525001525878906,71.03387451171875,203.21185302734375,81.78260803222656
2017-03-09,32.0151481628418,58.21724319458008,42.48769760131836,42.650001525878906,71.314208984375,203.46963500976562,81.53148651123047
2017-03-10,32.12134552001953,58.3971061706543,42.664520263671875,42.62300109863281,71.08842468261719,204.18260192871094,81.65328979492188
2017-03-13,32.13520050048828,58.19925308227539,42.82151794433594,42.72949981689453,71.15072631835938,204.28570556640625,81.51628875732422
2017-03-14,32.08671569824219,57.92943572998047,42.88739776611328,42.62649917602539,71.26752471923828,203.50393676757812,81.54676055908203
2017-03-15,32.426090240478516,58.235225677490234,43.010223388671875,42.64849853515625,71.4388427734375,205.26490783691406,82.01854705810547
2017-03-16,32.47918701171875,58.13628005981445,43.08997344970703,42.67100143432617,71.36876678466797,204.86123657226562,81.92720794677734
2017-03-17,32.31757354736328,58.34315872192383,43.20735168457031,42.615501403808594,70.62113952636719,204.50148010253906,82.10220336914062
2017-03-20,32.65694046020508,58.3971061706543,42.986454010009766,42.8484992980957,70.11492156982422,204.2771453857422,82.22395324707031
2017-03-21,32.28293991088867,57.74953842163086,42.106327056884766,42.15999984741211,68.05887603759766,201.654296875,82.39140319824219
2017-03-22,32.647708892822266,58.48704147338867,42.08949661254883,42.40299987792969,68.16790771484375,202.1288299560547,82.50554656982422
2017-03-23,32.53226089477539,58.34315872192383,41.586769104003906,42.36899948120117,68.05887603759766,201.91314697265625,82.52835845947266
2017-03-24,32.4676399230957,58.44207000732422,41.36339569091797,42.28049850463867,67.98101806640625,201.76649475097656,82.45991516113281
2017-03-27,32.523048400878906,58.55000686645508,41.530311584472656,42.340999603271484,67.94207000732422,201.5593719482422,82.65776824951172
2017-03-28,33.1971435546875,58.720890045166016,41.635311126708984,42.79999923706055,69.00122833251953,203.02609252929688,82.46752166748047
2017-03-29,33.27101516723633,58.88278579711914,42.092960357666016,43.715999603271484,68.74421691894531,203.21595764160156,82.65013122558594
2017-03-30,33.22715377807617,59.09864044189453,42.073631286621094,43.81700134277344,69.33610534667969,203.86293029785156,82.49797058105469
2017-03-31,33.16482162475586,59.23354721069336,41.99042510986328,44.32699966430664,68.4093246459961,203.388427734375,82.55885314941406
2017-04-03,33.174049377441406,58.95475769042969,42.433719635009766,44.57550048828125,68.16012573242188,203.03472900390625,82.86537170410156
2017-04-04,33.42107391357422,59.11661148071289,42.2266845703125,45.34149932861328,68.38725280761719,203.16416931152344,82.78913116455078
2017-04-05,33.247928619384766,58.96372604370117,42.04541015625,45.4640007019043,67.50999450683594,202.56021118164062,82.88063049316406
2017-04-06,33.16482162475586,59.11661148071289,41.85670852661133,44.91400146484375,67.7371597290039,203.12962341308594,82.87300109863281
2017-04-07,33.0909423828125,59.071651458740234,41.70811462402344,44.74399948120117,67.5022201538086,202.922607421875,82.69001007080078
2017-04-10,33.05170822143555,58.93674087524414,41.68830871582031,45.35200119018555,67.2671890258789,203.0433807373047,82.79673004150391
2017-04-11,32.6961784362793,58.89178466796875,41.59815979003906,45.11800003051758,67.14971160888672,202.8017578125,83.03313446044922
2017-04-12,32.735435485839844,58.66691970825195,41.676422119140625,44.811500549316406,66.89122009277344,201.91314697265625,83.21615600585938
2017-04-13,32.562294006347656,58.415103912353516,41.61302185058594,44.23350143432617,66.10796356201172,200.60177612304688,83.32289123535156
2017-04-17,32.742347717285156,58.89178466796875,42.353477478027344,45.0994987487793,67.25153350830078,202.37904357910156,83.27716827392578
2017-04-18,32.5969123840332,58.810829162597656,42.29701614379883,45.18899917602539,66.7032470703125,201.77511596679688,83.61267852783203
2017-04-19,32.47687530517578,58.49604797363281,42.42182922363281,44.959999084472656,66.15494537353516,201.4040985107422,83.48301696777344
2017-04-20,32.88318634033203,58.90977096557617,42.59864044189453,45.10300064086914,67.00870513916016,203.0433807373047,83.35340118408203
2017-04-21,32.84394073486328,59.719215393066406,42.54267120361328,44.92649841308594,66.20194244384766,202.39630126953125,83.37628173828125
2017-04-24,33.16020202636719,60.73552703857422,43.53225326538086,45.37049865722656,68.53609466552734,204.6222686767578,83.25429534912109
2017-04-25,33.36568069458008,61.08626174926758,44.023094177246094,45.38100051879883,69.13140106201172,205.8128662109375,82.979736328125
2017-04-26,33.16944122314453,61.00532913208008,44.03794860839844,45.464500427246094,69.26453399658203,205.68345642089844,83.08651733398438
2017-04-27,33.19484329223633,61.40105438232422,44.15186309814453,45.91899871826172,68.62223815917969,205.85595703125,83.16275787353516
2017-04-28,33.162498474121094,61.571956634521484,45.79026794433594,46.2495002746582,68.14442443847656,205.4073028564453,83.30764007568359
2017-05-01,33.83892059326172,62.42633819580078,46.201358795166016,47.4114990234375,68.19145965576172,205.9249725341797,83.09286499023438
2017-05-02,34.05360412597656,62.32743453979492,46.41284942626953,47.34700012207031,67.75283813476562,206.00265502929688,83.20755004882812
2017-05-03,33.94972610473633,62.12955856323242,46.975502014160156,47.05149841308594,68.14442443847656,205.75247192382812,83.12348175048828
2017-05-04,33.82738494873047,61.8867301940918,47.286041259765625,46.87649917602539,68.2228012084961,205.99403381347656,83.05467987060547
2017-05-05,34.388370513916016,62.0576171875,47.06612777709961,46.70750045776367,68.14442443847656,206.80502319335938,83.06999969482422
2017-05-08,35.32333755493164,62.003639221191406,47.482669830322266,47.45199966430664,68.2228012084961,206.77049255371094,82.90949249267578
2017-05-09,35.54956817626953,62.093589782714844,47.384605407714844,47.64099884033203,67.9486312866211,206.58067321777344,82.91715240478516
2017-05-10,35.381038665771484,62.3364143371582,47.29198455810547,47.4474983215332,68.48125457763672,206.95169067382812,82.9400634765625
2017-05-11,35.68702697753906,61.571956634521484,47.34398651123047,47.38100051879883,68.26979064941406,206.52894592285156,82.93243408203125
2017-05-12,36.185420989990234,61.499977111816406,47.30683517456055,48.067501068115234,68.08179473876953,206.1838836669922,83.23810577392578
2017-05-15,36.092689514160156,61.54494094848633,47.50891876220703,47.89849853515625,68.4107666015625,207.32272338867188,83.20755004882812
2017-05-16,36.03938293457031,62.78416442871094,47.77587890625,48.30350112915039,68.62223815917969,207.13284301757812,83.31449890136719
2017-05-17,34.82932662963867,61.03842544555664,46.66445541381836,47.237998962402344,66.00611114501953,203.4574737548828,83.74250030517578
2017-05-18,35.36016845703125,61.24646759033203,47.077030181884766,47.92449951171875,65.76332092285156,204.2771453857422,83.69663238525391
2017-05-19,35.48072814941406,61.228370666503906,47.28257369995117,47.992000579833984,66.40559387207031,205.60577392578125,83.69663238525391
2017-05-22,35.69631576538086,61.91582107543945,47.74913024902344,48.53350067138672,66.34293365478516,206.64971923828125,83.64315795898438
2017-05-23,35.65225601196289,62.12387466430664,48.0700798034668,48.57699966430664,67.17321014404297,207.1070098876953,83.48267364501953
2017-05-24,35.545616149902344,62.20529556274414,48.41974639892578,49.01750183105469,67.13404846191406,207.5901336669922,83.62788391113281
2017-05-25,35.66849136352539,62.97410583496094,49.12553024291992,49.66899871826172,66.85206604003906,208.5823211669922,83.66607666015625
2017-05-26,35.60821533203125,63.28166961669922,49.19537353515625,49.78900146484375,66.85990142822266,208.5391845703125,83.63548278808594
2017-05-30,35.62213134765625,63.688751220703125,49.33900451660156,49.834999084472656,65.7163314819336,208.35806274414062,83.79597473144531
2017-05-31,35.411170959472656,63.173126220703125,48.8892822265625,49.73099899291992,64.34558868408203,208.3062286376953,83.88002777099609
2017-06-01,35.50853729248047,63.40830993652344,48.948726654052734,49.79750061035156,65.05838012695312,209.9627227783203,83.84176635742188
2017-06-02,36.034732818603516,64.90987396240234,49.33653259277344,50.33649826049805,64.72940063476562,210.66163635253906,84.11744689941406
2017-06-05,35.682395935058594,65.3802261352539,49.72087097167969,50.56700134277344,64.8469009399414,210.50634765625,83.98725128173828
2017-06-06,35.80293273925781,65.5972900390625,49.364261627197266,50.150001525878906,64.98004150390625,209.83334350585938,84.15573120117188
2017-06-07,36.016197204589844,65.4797134399414,49.602989196777344,50.503501892089844,65.72416687011719,210.22157287597656,84.05615234375
2017-06-08,35.92811584472656,65.08172607421875,49.74068069458008,50.51350021362305,66.53874206542969,210.3251495361328,83.97194671630859
2017-06-09,34.534942626953125,63.607322692871094,48.048789978027344,48.91550064086914,68.11312866210938,210.0059051513672,83.90299987792969
2017-06-12,33.70970153808594,63.11887741088867,47.6371955871582,48.24549865722656,68.12879180908203,209.9627227783203,83.90299987792969
2017-06-13,33.98091125488281,63.90581512451172,48.067604064941406,49.03950119018555,68.35594177246094,210.98944091796875,83.92597961425781
2017-06-14,33.649417877197266,63.56208038330078,47.94031524658203,48.82350158691406,68.2149429321289,210.72203063964844,84.19406127929688
2017-06-15,33.44775390625,63.2274169921875,47.55646896362305,48.208499908447266,67.80764770507812,210.31649780273438,84.14041137695312
2017-06-16,32.979515075683594,63.31785202026367,47.47919845581055,49.385501861572266,67.5022201538086,210.36241149902344,84.19406127929688
2017-06-19,33.9229621887207,64.10480499267578,48.3013801574707,49.75849914550781,68.98255157470703,212.11373901367188,84.07917022705078
2017-06-20,33.61465835571289,63.236446380615234,47.992820739746094,49.62950134277344,68.55177307128906,210.68321228027344,84.20930480957031
2017-06-21,33.81401062011719,63.56208038330078,48.46828842163086,50.11149978637695,68.23845672607422,210.63124084472656,84.22463989257812
2017-06-22,33.75836944580078,63.55304718017578,48.370723724365234,50.064998626708984,68.16012573242188,210.53587341308594,84.26296234130859
2017-06-23,33.90904998779297,64.41238403320312,48.839752197265625,50.1870002746582,68.03480529785156,210.78726196289062,84.27824401855469
2017-06-26,33.80241012573242,63.79726791381836,48.14635467529297,49.69900131225586,68.33244323730469,210.92596435546875,84.3548583984375
2017-06-27,33.31793212890625,62.60327911376953,46.957664489746094,48.8390007019043,68.96691131591797,209.22671508789062,84.10211944580078
2017-06-28,33.804744720458984,63.136962890625,47.597572326660156,49.51649856567383,70.35327911376953,211.09938049316406,84.13279724121094
2017-06-29,33.30633544921875,61.951988220214844,46.44900894165039,48.79650115966797,71.39502716064453,209.24398803710938,83.97194671630859
2017-06-30,33.385162353515625,62.350006103515625,46.04583740234375,48.400001525878906,71.5908432006836,209.63421630859375,83.86472320556641
2017-07-03,33.264625549316406,61.66256332397461,45.5396614074707,47.68299865722656,73.0478744506836,209.98963928222656,83.715087890625
2017-07-05,33.40139389038086,62.485679626464844,46.17362594604492,48.56999969482422,73.78032684326172,210.47511291503906,83.76112365722656
2017-07-06,33.08613967895508,62.02437210083008,45.9472770690918,48.25699996948242,73.54405212402344,208.55047607421875,83.59996032714844
2017-07-07,33.42226028442383,62.829402923583984,46.59709167480469,48.9379997253418,73.91419982910156,209.9029083251953,83.56931304931641
2017-07-10,33.626243591308594,63.29978561401367,47.10179901123047,49.82350158691406,73.3944091796875,210.1283721923828,83.60768127441406
2017-07-11,33.73519515991211,63.30882263183594,47.22709655761719,49.70650100708008,73.11087036132812,209.9722900390625,83.68439483642578
2017-07-12,33.783878326416016,64.35810852050781,47.926944732666016,50.32550048828125,72.85884094238281,211.55020141601562,83.93766021728516
2017-07-13,34.25444030761719,64.91890716552734,47.98588180541992,50.03150177001953,73.32352447509766,211.9056854248047,83.84555816650391
2017-07-14,34.54883575439453,65.8324966430664,48.38508605957031,50.09049987792969,72.65408325195312,212.89401245117188,83.92991638183594
2017-07-17,34.66938781738281,66.34807586669922,48.33803176879883,50.50199890136719,71.97675323486328,212.86801147460938,83.96837615966797
2017-07-18,34.7899284362793,66.3028335571289,48.882347106933594,51.22249984741211,71.72474670410156,212.98072814941406,84.16018676757812
2017-07-19,35.00783157348633,66.80939483642578,49.17060852050781,51.34349822998047,71.8271255493164,214.13380432128906,84.18319702148438
2017-07-20,34.85020065307617,67.135009765625,49.141876220703125,51.435001373291016,71.8271255493164,214.22911071777344,84.20618438720703
2017-07-21,34.8339729309082,66.74607849121094,49.22360610961914,51.28350067138672,71.58296203613281,214.0383758544922,84.35201263427734
2017-07-24,35.255882263183594,66.57420349121094,49.44499588012695,51.9474983215332,71.89013671875,213.9864044189453,84.2752685546875
2017-07-25,35.40654754638672,67.10790252685547,47.99479675292969,51.993499755859375,73.08724975585938,214.50657653808594,83.97602844238281
2017-07-26,35.57344055175781,66.98126983642578,47.81055450439453,52.63999938964844,72.40205383300781,214.51522827148438,84.13712310791016
2017-07-27,34.90119934082031,66.17622375488281,47.17658996582031,52.29999923706055,72.10277557373047,214.3158416748047,84.01438140869141
2017-07-28,34.65547180175781,66.06766510009766,47.464839935302734,51.00199890136719,71.89013671875,214.0644073486328,84.18319702148438
2017-07-31,34.47697448730469,65.7601318359375,46.82938766479492,49.388999938964844,72.29969787597656,213.94305419921875,84.14483642578125
2017-08-01,34.7829704284668,65.65156555175781,46.88187789916992,49.80950164794922,73.26839447021484,214.41989135742188,84.37550354003906
2017-08-02,36.42649459838867,65.36212158203125,46.93537902832031,49.794498443603516,73.33137512207031,214.5238800048828,84.31400299072266
2017-08-03,36.062564849853516,65.26264190673828,46.57183837890625,49.34600067138672,72.85095977783203,214.1077423095703,84.48317718505859
2017-08-04,36.25264358520508,65.74202728271484,46.84375,49.37900161743164,73.76457214355469,214.4978790283203,84.34476470947266
2017-08-07,36.81361770629883,65.48877716064453,46.841766357421875,49.61349868774414,74.0480728149414,214.896728515625,84.337158203125
2017-08-08,37.1080322265625,65.84154510498047,46.76449966430664,49.492000579833984,73.78032684326172,214.3678436279297,84.26019287109375
2017-08-09,37.33518981933594,65.55208587646484,46.560935974121094,49.10049819946289,73.66219329833984,214.3591766357422,84.337158203125
2017-08-10,36.145992279052734,64.59326171875,45.74421310424805,47.84600067138672,72.60682678222656,211.3334503173828,84.42165374755859
2017-08-11,36.6486701965332,65.57921600341797,46.06614685058594,48.39950180053711,72.00038146972656,211.6456298828125,84.49090576171875
2017-08-14,37.200218200683594,66.56514739990234,46.50397872924805,49.165000915527344,72.84309387207031,213.74363708496094,84.45245361328125
2017-08-15,37.60748291015625,66.58334350585938,46.461883544921875,49.137001037597656,73.03211212158203,213.71763610839844,84.32935333251953
2017-08-16,37.456207275390625,66.97439575195312,46.768470764160156,48.909000396728516,72.52806854248047,214.09042358398438,84.48317718505859
2017-08-17,36.73709487915039,65.83769989013672,45.94579315185547,48.028499603271484,71.3939437866211,210.7525634765625,84.60624694824219
2017-08-18,36.653316497802734,65.91950988769531,45.87248992919922,47.923500061035156,71.46482849121094,210.423095703125,84.55238342285156
2017-08-21,36.585838317871094,65.61034393310547,45.6094970703125,47.66450119018555,71.37821197509766,210.5878448486328,84.61394500732422
2017-08-22,37.183929443359375,66.52880096435547,46.57678985595703,48.345001220703125,72.11064147949219,212.7899627685547,84.53701782226562
2017-08-23,37.230472564697266,66.12867736816406,46.68476486206055,47.900001525878906,72.19728088378906,212.0270233154297,84.72927856445312
2017-08-24,37.06523513793945,66.10140991210938,46.40294647216797,47.622501373291016,72.07915496826172,211.5328369140625,84.62159729003906
2017-08-25,37.202537536621094,66.21961212158203,46.08646011352539,47.26300048828125,72.37055206298828,212.0270233154297,84.68315887451172
2017-08-28,37.57722473144531,66.22872924804688,45.96907043457031,47.30099868774414,72.14214324951172,212.03567504882812,84.71391296386719
2017-08-29,37.91234588623047,66.42875671386719,46.34648132324219,47.702999114990234,71.74837493896484,212.27847290039062,84.83689117431641
2017-08-30,38.01473617553711,67.30176544189453,46.73676300048828,48.37950134277344,71.91375732421875,213.28414916992188,84.82158660888672
2017-08-31,38.1660041809082,67.99288177490234,47.311798095703125,49.029998779296875,71.58296203613281,214.56729125976562,84.9368896484375
2017-09-01,38.177635192871094,67.23809051513672,47.15081787109375,48.912498474121094,72.22090148925781,214.8706817626953,84.74428558349609
2017-09-05,37.71917724609375,66.93801879882812,46.63027572631836,48.26350021362305,70.49610137939453,213.32748413085938,85.09105682373047
2017-09-06,37.679622650146484,66.74703216552734,46.65702819824219,48.38999938964844,70.96868133544922,214.05577087402344,84.99858093261719
2017-09-07,37.528350830078125,67.60183715820312,47.04681396484375,48.9734992980957,69.72429656982422,214.0297088623047,85.20662689208984
2017-09-08,36.91630172729492,67.27444458007812,46.626808166503906,48.29499816894531,69.63766479492188,213.7783203125,85.10649108886719
2017-09-11,37.584205627441406,67.98377990722656,46.719932556152344,48.89799880981445,70.71662139892578,216.0584716796875,84.87527465820312
2017-09-12,37.43526077270508,67.91101837158203,46.8863525390625,49.12900161743164,71.58296203613281,216.78677368164062,84.75191497802734
2017-09-13,37.15367889404297,68.3929672241211,47.074058532714844,49.97999954223633,71.7877426147461,216.8907470703125,84.66719818115234
2017-09-14,36.83484649658203,67.99288177490234,46.56342315673828,49.61050033569336,71.64598083496094,216.82138061523438,84.71344757080078
2017-09-15,37.20719909667969,68.48389434814453,46.32369613647461,49.339500427246094,72.15791320800781,217.11328125,84.697998046875
2017-09-18,36.92559814453125,68.34749603271484,46.04930877685547,48.70949935913086,73.1817398071289,217.57510375976562,84.65951538085938
2017-09-19,36.9395637512207,68.60211944580078,46.40145492553711,48.49300003051758,73.98509979248047,217.7928466796875,84.61324310302734
2017-09-20,36.320533752441406,68.1474838256836,46.930419921875,48.660499572753906,74.50487518310547,217.8712921142578,84.54390716552734
2017-09-21,35.696842193603516,67.48363494873047,46.93091583251953,48.23249816894531,74.84354400634766,217.28753662109375,84.52848052978516
2017-09-22,35.3477668762207,67.66551208496094,46.71843719482422,47.755001068115234,74.6860122680664,217.33108520507812,84.59015655517578
2017-09-25,35.03593444824219,66.6197509765625,46.273677825927734,46.989498138427734,74.12684631347656,216.88671875,84.79050445556641
2017-09-26,35.63866424560547,66.6197509765625,46.4296875,46.93000030517578,73.79608154296875,217.01744079589844,84.75965118408203
2017-09-27,35.892337799072266,67.15625,47.542598724365234,47.54349899291992,74.961669921875,217.8625946044922,84.51304626464844
2017-09-28,35.67124938964844,67.17443084716797,47.78578567504883,47.81999969482422,75.11919403076172,218.12391662597656,84.52079010009766
2017-09-29,35.866729736328125,67.73823547363281,48.22709274291992,48.067501068115234,75.2215805053711,218.89068603515625,84.451416015625
2017-10-02,35.794593811035156,67.84736633300781,47.91753005981445,47.95949935913086,76.2690658569336,219.84039306640625,84.50316619873047
2017-10-03,35.95051193237305,67.52909088134766,48.14585876464844,47.85499954223633,76.67074584960938,220.31085205078125,84.5726318359375
2017-10-04,35.71778869628906,67.92012023925781,47.883358001708984,48.272499084472656,75.89102172851562,220.57225036621094,84.54951477050781
2017-10-05,36.16228103637695,69.0840835571289,48.795188903808594,49.04249954223633,76.91293334960938,221.879150390625,84.51087951660156
2017-10-06,36.14134979248047,69.11137390136719,49.21369552612305,49.479000091552734,76.77828216552734,221.62646484375,84.38731384277344
2017-10-09,36.26701354980469,69.37507629394531,49.1478271484375,49.54949951171875,76.37425994873047,221.26052856445312,84.50316619873047
2017-10-10,36.28097152709961,69.37507629394531,48.9244499206543,49.36000061035156,76.94461822509766,221.8443145751953,84.51087951660156
2017-10-11,36.43223190307617,69.49329376220703,49.80854034423828,49.75,76.71488952636719,222.19284057617188,84.52630615234375
2017-10-12,36.30425262451172,70.12985229492188,49.80854034423828,50.04650115966797,76.04155731201172,221.8617401123047,84.62672424316406
2017-10-13,36.53464126586914,70.46632385253906,49.91849136352539,50.14699935913086,75.93856048583984,222.13180541992188,84.83523559570312
2017-10-16,37.20719909667969,70.61181640625,49.99178695678711,50.31700134277344,77.50708770751953,222.4281005859375,84.75028228759766
2017-10-17,37.344505310058594,70.55725860595703,50.073516845703125,50.45650100708008,77.33280181884766,222.5848846435547,84.71939849853516
2017-10-18,37.17927932739258,70.57543182373047,50.15970230102539,49.849998474121094,77.62590026855469,222.802734375,84.58811187744141
2017-10-19,36.29960632324219,70.8482666015625,49.61983108520508,49.330501556396484,77.72096252441406,222.8636932373047,84.64984893798828
2017-10-20,36.36243438720703,71.66665649414062,49.77981948852539,49.14550018310547,78.83003997802734,224.0137481689453,84.40273284912109
2017-10-23,36.34381103515625,71.68488311767578,48.8125114440918,48.314998626708984,78.69535064697266,223.14247131347656,84.49544525146484
2017-10-24,36.56024169921875,71.71212005615234,48.9586181640625,48.79499816894531,79.94698333740234,223.53460693359375,84.31785583496094
2017-10-25,36.399658203125,71.50299072265625,49.10572814941406,48.64550018310547,80.02621459960938,222.4281005859375,84.26377105712891
2017-10-26,36.63238525390625,71.6212158203125,49.10374069213867,48.621498107910156,80.5965805053711,222.71554565429688,84.17111206054688
2017-10-27,37.944915771484375,76.2134780883789,51.19633483886719,55.04750061035156,80.62033081054688,224.53660583496094,84.35646057128906
2017-10-30,38.799007415771484,76.28622436523438,51.169586181640625,55.54249954223633,80.33514404296875,223.7001953125,84.58811187744141
2017-10-31,39.33891296386719,75.64058685302734,51.165130615234375,55.263999938964844,79.701416015625,224.0486602783203,84.53404998779297
2017-11-01,38.838565826416016,75.64058685302734,51.63862609863281,55.183998107910156,79.94698333740234,224.34486389160156,84.57119750976562
2017-11-02,39.12248229980469,76.4317398071289,51.65694808959961,54.71099853515625,80.4777603149414,224.43197631835938,84.61761474609375
2017-11-03,40.144126892089844,76.5135498046875,52.004638671875,55.58000183105469,80.33514404296875,225.18128967285156,84.69502258300781
2017-11-06,40.5513801574707,76.81364440917969,51.64258575439453,56.03300094604492,79.83607482910156,225.52981567382812,84.77238464355469
2017-11-07,40.681705474853516,76.63175201416016,52.123504638671875,56.15850067138672,78.22797393798828,225.3729705810547,84.79560089111328
2017-11-08,41.01449966430664,76.89551544189453,52.41572952270508,56.64400100708008,77.3486557006836,225.75633239746094,84.74142456054688
2017-11-09,40.93071746826172,76.46807861328125,51.8922119140625,56.45650100708008,77.34070587158203,224.9373321533203,84.67954254150391
2017-11-10,40.795249938964844,76.26803588867188,51.715396881103516,56.26750183105469,77.24564361572266,224.8676300048828,84.33904266357422
2017-11-13,40.63175582885742,76.32257843017578,51.56929016113281,56.458499908447266,77.5229263305664,225.07676696777344,84.33904266357422
2017-11-14,40.017520904541016,76.4317398071289,51.5910758972168,56.84199905395508,77.05553436279297,224.55401611328125,84.42417144775391
2017-11-15,39.48966598510742,75.8376693725586,51.332035064697266,56.33449935913086,77.78434753417969,223.4300079345703,84.58665466308594
2017-11-16,39.96145248413086,76.03872680664062,51.92935562133789,56.864498138427734,78.00614166259766,225.32937622070312,84.49381256103516
2017-11-17,39.739585876464844,75.30758666992188,51.3062858581543,56.49399948120117,77.74473571777344,224.66726684570312,84.58665466308594
2017-11-20,39.69986343383789,75.4263916015625,51.245365142822266,56.31549835205078,78.43392181396484,225.0506134033203,84.54022979736328
2017-11-21,40.43791198730469,76.51395416259766,52.01999282836914,56.9744987487793,78.37055969238281,226.5230255126953,84.62535095214844
2017-11-22,40.86299133300781,75.95645141601562,52.10022735595703,57.80799865722656,78.14080047607422,226.32272338867188,84.77238464355469
2017-11-24,40.86531448364258,76.09358215332031,52.328060150146484,59.29999923706055,77.88733673095703,226.8454132080078,84.75688934326172
2017-11-27,40.65978240966797,76.65107727050781,53.09526062011719,59.791500091552734,77.57836151123047,226.73220825195312,84.75688934326172
2017-11-28,40.42156982421875,77.5741195678711,52.66337585449219,59.68000030517578,80.2955551147461,229.03225708007812,84.75688934326172
2017-11-29,39.58309555053711,76.16667175292969,51.38008117675781,58.063499450683594,82.17301177978516,228.89291381835938,84.54798126220703
2017-11-30,40.136619567871094,76.92524719238281,51.32015609741211,58.837501525878906,82.79883575439453,230.8968963623047,84.40874481201172
2017-12-01,39.949771881103516,77.00750732421875,50.770389556884766,58.11750030517578,83.01275634765625,230.41770935058594,84.64987945556641
2017-12-04,39.657840728759766,74.10120391845703,50.116607666015625,56.6974983215332,84.72383117675781,230.1388397216797,84.64210510253906
2017-12-05,39.62046432495117,74.56730651855469,50.49945831298828,57.07849884033203,83.74945831298828,229.31117248535156,84.72743225097656
2017-12-06,39.47331237792969,75.65486907958984,51.14928436279297,57.61750030517578,83.12362670898438,229.35472106933594,84.81272888183594
2017-12-07,39.545719146728516,75.38985443115234,51.7361946105957,57.989498138427734,82.87806701660156,230.0779266357422,84.70413970947266
2017-12-08,39.55739974975586,76.91609954833984,51.97442626953125,58.099998474121094,83.91582489013672,231.33245849609375,84.67313385009766
2017-12-11,40.32814407348633,77.89399719238281,52.10270690917969,58.44599914550781,83.67025756835938,232.0294647216797,84.64210510253906
2017-12-12,40.10158920288086,78.21385955810547,51.944217681884766,58.25400161743164,84.6446304321289,232.43907165527344,84.60334014892578
2017-12-13,40.23470687866211,78.00364685058594,52.073978424072266,58.20650100708008,83.58309173583984,232.4129180908203,84.84376525878906
2017-12-14,40.22304153442383,77.40047454833984,52.37511444091797,58.7130012512207,82.90975189208984,231.46319580078125,84.86695861816406
2017-12-15,40.63175582885742,79.37454986572266,53.09476089477539,58.957000732421875,84.08219909667969,233.3906707763672,84.89025115966797
2017-12-18,41.2039680480957,78.94501495361328,53.743099212646484,59.52899932861328,84.73177337646484,234.87066650390625,84.78167724609375
2017-12-19,40.7648811340332,78.44237518310547,53.48009490966797,59.36899948120117,84.37528991699219,233.9687042236328,84.53350830078125
2017-12-20,40.72052001953125,78.1590347290039,53.172035217285156,58.88100051879883,84.08219909667969,233.8460235595703,84.33967590332031
2017-12-21,40.87465286254883,78.1407470703125,53.037803649902344,58.737998962402344,85.42097473144531,234.32765197753906,84.41413116455078
2017-12-22,40.87465286254883,78.14988708496094,52.939247131347656,58.417999267578125,85.11996459960938,234.26649475097656,84.45292663574219
2017-12-26,39.83766174316406,78.04936981201172,52.7901611328125,58.8380012512207,84.77931213378906,233.98614501953125,84.52273559570312
2017-12-27,39.84467697143555,78.33267974853516,52.51032257080078,59.112998962402344,84.937744140625,234.10003662109375,84.7864990234375
2017-12-28,39.9567756652832,78.34183502197266,52.29983901977539,59.30500030517578,85.3892822265625,234.58163452148438,84.72441864013672
2017-12-29,39.52470779418945,78.17733764648438,52.17353057861328,58.4734992980957,84.71591186523438,233.6971893310547,84.80978393554688
2018-01-02,40.23237991333008,78.55201721191406,53.154693603515625,59.45050048828125,85.51602172851562,235.3698272705078,84.68566131591797
2018-01-03,40.22536087036133,78.9176025390625,54.06156539916992,60.209999084472656,85.60316467285156,236.85858154296875,84.69341278076172
2018-01-04,40.4122200012207,79.6121826171875,54.271568298339844,60.47949981689453,86.82948303222656,237.8568572998047,84.63908386230469
2018-01-05,40.872318267822266,80.5992431640625,54.9912223815918,61.457000732421875,86.2720718383789,239.4419708251953,84.58480072021484
2018-01-08,40.72052001953125,80.68148040771484,55.185367584228516,62.34349822998047,86.39949035644531,239.87985229492188,84.56151580810547
2018-01-09,40.715843200683594,80.62665557861328,55.11504364013672,62.6349983215332,86.83744049072266,240.4228057861328,84.32882690429688
2018-01-10,40.70649337768555,80.26109313964844,54.98379135131836,62.71649932861328,87.79300689697266,240.0550079345703,84.32882690429688
2018-01-11,40.93772506713867,80.49867248535156,55.078392028808594,63.83399963378906,88.26284790039062,241.80648803710938,84.36763000488281
2018-01-12,41.36044692993164,81.88787078857422,55.999629974365234,65.26000213623047,89.7200927734375,243.38275146484375,84.35207366943359
2018-01-16,41.15024948120117,80.74544525146484,56.00210189819336,65.24299621582031,89.40155792236328,242.55084228515625,84.37534332275391
2018-01-17,41.829898834228516,82.38140106201172,56.41814041137695,64.75,89.97490692138672,244.8627471923828,84.28224182128906
2018-01-18,41.867271423339844,82.3448257446289,56.263118743896484,64.66600036621094,90.18993377685547,244.4512176513672,84.09609985351562
2018-01-19,41.68042755126953,82.25344848632812,56.63606262207031,64.72899627685547,89.9908447265625,245.5633544921875,83.91764068603516
2018-01-22,41.339439392089844,83.72486114501953,57.65932846069336,66.3655014038086,91.04195404052734,247.56008911132812,83.88662719726562
2018-01-23,41.34877395629883,83.98988342285156,58.25416564941406,68.12699890136719,90.9464111328125,248.08538818359375,84.08836364746094
2018-01-24,40.69015121459961,83.91678619384766,58.0124626159668,67.87550354003906,92.10901641845703,247.98907470703125,84.00300598144531
2018-01-25,39.963802337646484,84.38289642333984,58.54985809326172,68.89749908447266,92.13291931152344,248.09420776367188,84.22019958496094
2018-01-26,40.057212829589844,85.96398162841797,58.818294525146484,70.10250091552734,92.62660217285156,250.96661376953125,84.06505584716797
2018-01-29,39.22807693481445,85.83602905273438,58.76481246948242,70.88400268554688,92.53104400634766,249.30267333984375,83.91764068603516
2018-01-30,38.99687576293945,84.757568359375,58.31360626220703,71.89099884033203,91.6630859375,246.7455596923828,83.78584289550781
2018-01-31,39.10430145263672,86.83221435546875,58.5538215637207,72.54450225830078,92.10901641845703,246.86814880371094,83.85562133789062
2018-02-01,39.18605422973633,86.1467514038086,58.522621154785156,69.5,93.0645751953125,246.58790588378906,83.59284973144531
2018-02-02,37.485755920410156,83.8802261352539,55.43251419067383,71.49749755859375,91.00212860107422,241.2197265625,83.34402465820312
2018-02-05,36.54920959472656,80.42559051513672,52.61879348754883,69.5,86.63837432861328,231.13128662109375,83.67837524414062
2018-02-06,38.07664489746094,83.46895599365234,53.710411071777344,72.14199829101562,89.27416229248047,235.68515014648438,83.43731689453125
2018-02-07,37.26155090332031,81.89701080322266,52.27308654785156,70.83899688720703,89.87932586669922,234.40652465820312,83.25074005126953
2018-02-08,36.23623275756836,77.69296264648438,49.91057205200195,67.5250015258789,85.90576171875,225.6142120361328,83.11080169677734
2018-02-09,36.67945098876953,80.59010314941406,51.82039260864258,66.9800033569336,87.62577819824219,229.00326538085938,83.00199890136719
2018-02-12,38.1568603515625,81.45831298828125,52.230995178222656,69.3115005493164,88.97953796386719,232.36599731445312,83.02529907226562
2018-02-13,38.539100646972656,82.09808349609375,52.21018981933594,70.72550201416016,89.52896881103516,232.94406127929688,83.04861450195312
2018-02-14,39.24966812133789,83.38358306884766,53.12943649291992,72.55249786376953,91.5993881225586,236.08790588378906,82.76873779296875
2018-02-15,40.567604064941406,85.08228302001953,54.05364227294922,73.08799743652344,91.98162841796875,239.10047912597656,82.86982727050781
2018-02-16,40.436279296875,84.47624206542969,54.258697509765625,72.43450164794922,91.32066345214844,239.17050170898438,83.03306579589844
2018-02-20,40.30025863647461,85.13738250732422,54.65938186645508,73.4175033569336,91.34455871582031,237.67295837402344,82.94757843017578
2018-02-21,40.11734390258789,84.00794982910156,55.162593841552734,74.14600372314453,91.7267837524414,236.49070739746094,82.68320465087891
2018-02-22,40.45269775390625,84.22833251953125,54.971900939941406,74.26699829101562,91.5595703125,236.7973175048828,82.69096374511719
2018-02-23,41.156211853027344,86.36779022216797,55.87282943725586,75.0,93.4149398803711,240.57168579101562,82.90093994140625
2018-02-26,41.969970703125,87.61658477783203,56.64597702026367,76.09750366210938,94.57757568359375,243.36514282226562,82.96311950683594
2018-02-27,41.83393478393555,86.496337890625,55.34881591796875,75.5989990234375,93.45477294921875,240.32644653320312,82.7843017578125
2018-02-28,41.7706298828125,86.10150146484375,54.675724029541016,75.62249755859375,91.97364807128906,237.89186096191406,83.00975036621094
2018-03-01,41.038963317871094,85.25676727294922,53.06554412841797,74.67250061035156,90.32527160644531,234.4328155517578,83.08379364013672
2018-03-02,41.322715759277344,85.44039916992188,53.696041107177734,75.01249694824219,90.2376937866211,235.64132690429688,82.95130920410156
2018-03-05,41.465763092041016,85.98213195800781,54.2220344543457,76.18049621582031,91.623291015625,238.3648223876953,82.90458679199219
2018-03-06,41.43059539794922,85.68830108642578,54.52614212036133,76.88200378417969,91.70291137695312,238.96910095214844,82.92015075683594
2018-03-07,41.045997619628906,86.18412780761719,55.22648239135742,77.25,91.36046600341797,238.8814239501953,82.90458679199219
2018-03-08,41.49391174316406,86.70755767822266,55.93672561645508,77.59300231933594,91.36843872070312,240.0374755859375,83.03704071044922
2018-03-09,42.20681381225586,88.64498138427734,57.49489212036133,78.94450378417969,93.99628448486328,244.2147216796875,82.88117980957031
2018-03-12,42.614871978759766,88.85616302490234,57.74699783325195,79.91950225830078,93.69367980957031,243.90817260742188,82.92793273925781
2018-03-13,42.204471588134766,86.68916320800781,56.458255767822266,79.40899658203125,92.57086944580078,242.33187866210938,83.03704071044922
2018-03-14,41.845672607421875,86.17497253417969,56.90302658081055,79.55000305175781,91.53565979003906,241.08834838867188,83.17728424072266
2018-03-15,41.89492416381836,86.47801208496094,56.98821258544922,79.11599731445312,91.76658630371094,240.82565307617188,83.18507385253906
2018-03-16,41.7471809387207,86.86360931396484,56.186344146728516,78.58399963378906,91.92585754394531,241.0867462158203,83.13835144042969
2018-03-19,41.10932159423828,85.29346466064453,54.48503494262695,77.24649810791016,91.20122528076172,237.8248291015625,83.05259704589844
2018-03-20,41.095245361328125,85.51385498046875,54.27355194091797,79.32550048828125,91.288818359375,238.22927856445312,82.92015075683594
2018-03-21,40.16424560546875,84.91702270507812,54.18439865112305,79.09300231933594,91.36843872070312,237.77207946777344,82.91239166259766
2018-03-22,39.59675216674805,82.44696807861328,52.161155700683594,77.24600219726562,87.55411529541016,231.8284149169922,83.06819152832031
2018-03-23,38.67980194091797,80.0504379272461,50.84368896484375,74.77799987792969,85.2129898071289,226.8870391845703,83.06819152832031
2018-03-26,40.516014099121094,86.11070251464844,52.207706451416016,77.79299926757812,87.8408203125,233.0944366455078,83.03704071044922
2018-03-27,39.477134704589844,82.15316009521484,49.87242889404297,74.85250091552734,86.13671112060547,229.12911987304688,83.27857208251953
2018-03-28,39.040950775146484,82.0797119140625,49.7852668762207,71.57099914550781,86.00132751464844,228.45208740234375,83.32532501220703
2018-03-29,39.3458137512207,83.80596160888672,51.368194580078125,72.36699676513672,87.57006072998047,231.3711395263672,83.56686401367188
2018-04-02,39.087860107421875,81.28084564208984,50.15425109863281,68.59950256347656,85.88190460205078,226.37716674804688,83.48326110839844
2018-04-03,39.488861083984375,82.37353515625,50.453895568847656,69.60250091552734,87.06043243408203,229.2786102294922,83.38957214355469
2018-04-04,40.243988037109375,84.77928161621094,51.00019836425781,70.52850341796875,88.38229370117188,231.73167419433594,83.42082214355469
2018-04-05,40.523040771484375,84.82516479492188,51.145320892333984,72.5875015258789,89.54280090332031,233.560546875,83.30367279052734
2018-04-06,39.48651123046875,82.85099029541016,50.02151107788086,70.2614974975586,87.309814453125,228.35543823242188,83.49111175537109
2018-04-09,39.878143310546875,83.34683990478516,50.52373123168945,70.30400085449219,88.3582992553711,229.48086547851562,83.56139373779297
2018-04-10,40.62857437133789,85.2843017578125,51.33649826049805,71.81099700927734,90.0470199584961,233.12969970703125,83.4989013671875
2018-04-11,40.438621520996094,84.34769439697266,50.769893646240234,71.35250091552734,88.53435516357422,231.90750122070312,83.56920623779297
2018-04-12,40.83728790283203,85.92704010009766,51.3756217956543,72.42500305175781,90.73532104492188,233.81546020507812,83.38177490234375
2018-04-13,40.975643157958984,85.46793365478516,51.31371307373047,71.53949737548828,88.27824401855469,233.12969970703125,83.40522003173828
2018-04-16,41.231258392333984,86.46878814697266,51.81197738647461,72.07499694824219,88.20619201660156,235.04644775390625,83.42082214355469
2018-04-17,41.798770904541016,88.21340942382812,53.45929718017578,75.19149780273438,88.20619201660156,237.56106567382812,83.44425964355469
2018-04-18,41.70497131347656,88.55314636230469,53.26266860961914,76.39199829101562,87.49391174316406,237.73684692382812,83.2099609375
2018-04-19,40.523040771484375,88.25015258789062,53.95903778076172,77.84549713134766,89.41472625732422,236.4180450439453,83.00695037841797
2018-04-20,38.862728118896484,87.23091888427734,53.35826110839844,76.37449645996094,89.21465301513672,234.41339111328125,82.78047943115234
2018-04-23,38.75016403198242,87.55229187011719,53.18440628051758,75.89299774169922,88.78247833251953,234.37823486328125,82.74143218994141
2018-04-24,38.210792541503906,85.50466918945312,50.6500358581543,73.00450134277344,88.36628723144531,231.22174072265625,82.632080078125
2018-04-25,38.37729263305664,84.76089477539062,50.6673698425293,73.00849914550781,88.0301284790039,231.79319763183594,82.52271270751953
2018-04-26,38.51095962524414,86.55142974853516,51.67377853393555,75.89800262451172,88.1181640625,234.14952087402344,82.66329956054688
2018-04-27,38.06539535522461,87.98384857177734,51.08637237548828,78.63099670410156,87.55792999267578,234.36936950683594,82.76484680175781
2018-04-30,38.75484848022461,85.87194061279297,50.44894790649414,78.30650329589844,87.06169891357422,232.56695556640625,82.78047943115234
2018-05-01,39.655364990234375,87.23091888427734,51.546993255615234,79.11299896240234,87.06169891357422,232.980224609375,82.70995330810547
2018-05-02,41.40714645385742,85.86277770996094,50.81892013549805,78.48400115966797,86.3734359741211,231.4152069091797,82.70995330810547
2018-05-03,41.482177734375,86.3769760131836,50.831298828125,78.60399627685547,85.82918548583984,230.90513610839844,82.80391693115234
2018-05-04,43.10966110229492,87.3778305053711,52.054664611816406,79.04750061035156,86.78160095214844,233.89463806152344,82.85871124267578
2018-05-07,43.42156982421875,88.35115051269531,52.473670959472656,80.00700378417969,87.53392791748047,234.6859130859375,82.81961059570312
2018-05-08,43.63028335571289,87.97467041015625,52.43058776855469,79.61949920654297,88.83048248291016,234.6859130859375,82.72566986083984
2018-05-09,43.93748092651367,89.01227569580078,53.93427658081055,80.4000015258789,90.76734161376953,236.954345703125,82.63176727294922
2018-05-10,44.56596374511719,89.90290832519531,54.75249099731445,80.4540023803711,91.47162628173828,239.17005920410156,82.81961059570312
2018-05-11,44.39647674560547,89.71012115478516,54.64897155761719,80.14550018310547,91.12747192382812,239.8998565673828,82.85871124267578
2018-05-14,44.29290008544922,90.01314544677734,54.8084602355957,80.0770034790039,91.15950775146484,240.01409912109375,82.78047180175781
2018-05-15,43.890342712402344,89.3611831665039,53.732200622558594,78.80599975585938,90.46318817138672,238.36111450195312,82.41256713867188
2018-05-16,44.299957275390625,89.59174346923828,53.693572998046875,79.36399841308594,90.71127319335938,239.36349487304688,82.31863403320312
2018-05-17,44.01980972290039,88.69721984863281,53.553401947021484,79.08799743652344,90.40716552734375,239.16128540039062,82.20905303955078
2018-05-18,43.85973358154297,88.86321258544922,52.977874755859375,78.71849822998047,88.94254302978516,238.56333923339844,82.42044830322266
2018-05-21,44.17047119140625,90.00672149658203,53.689605712890625,79.27300262451172,89.75889587402344,240.3570098876953,82.42821502685547
2018-05-22,44.05983352661133,89.91450500488281,53.25870895385742,79.06999969482422,90.44719696044922,239.68881225585938,82.42821502685547
2018-05-23,44.34231948852539,90.98426055908203,53.78619384765625,80.09300231933594,90.031005859375,240.3481903076172,82.65520477294922
2018-05-24,44.29290008544922,90.66150665283203,53.760921478271484,80.15350341796875,89.0225830078125,239.85572814941406,82.88221740722656
2018-05-25,44.39412307739258,90.70758819580078,53.69307327270508,80.50749969482422,88.56636810302734,239.2843780517578,83.06221008300781
2018-05-29,44.234046936035156,90.38482666015625,52.900115966796875,80.64350128173828,84.78070831298828,236.53233337402344,83.61012268066406
2018-05-30,44.13987350463867,91.25172424316406,53.365692138671875,81.24449920654297,86.71759033203125,239.68881225585938,83.39877319335938
2018-05-31,43.99156188964844,91.15027618408203,54.481571197509766,81.48100280761719,85.64511108398438,238.2203826904297,83.32833862304688
2018-06-01,44.784915924072266,92.94855499267578,56.2150764465332,82.0770034790039,86.757568359375,240.55923461914062,83.22554779052734
2018-06-04,45.159210205078125,93.76009368896484,57.10857391357422,83.26349639892578,86.79759216308594,241.7021942138672,83.02944183349609
2018-06-05,45.50761795043945,94.23961639404297,57.008522033691406,84.81749725341797,86.30938720703125,241.87815856933594,83.09218597412109
2018-06-06,45.66534423828125,94.51628875732422,56.806941986083984,84.7874984741211,88.32626342773438,243.90028381347656,82.90386199951172
2018-06-07,45.54292297363281,93.03155517578125,56.186344146728516,84.46499633789062,88.67843627929688,243.8739471435547,83.08438110351562
2018-06-08,45.128604888916016,93.7231674194336,56.101654052734375,84.19950103759766,88.926513671875,244.59486389160156,82.96666717529297
2018-06-11,45.017967224121094,93.1883316040039,56.50728988647461,84.45600128173828,88.70243835449219,244.92025756835938,82.88037109375
2018-06-12,45.265140533447266,93.4281005859375,56.86835861206055,84.9375,88.19021606445312,245.2367706298828,82.90386199951172
2018-06-13,44.8931999206543,93.00389099121094,56.67222213745117,85.24299621582031,88.01412963867188,244.45420837402344,82.82549285888672
2018-06-14,44.916744232177734,93.529541015625,57.458744049072266,86.19300079345703,86.46145629882812,245.06976318359375,83.03731536865234
2018-06-15,44.455322265625,92.33988952636719,57.41714096069336,85.79850006103516,86.35741424560547,244.7570037841797,83.06864929199219
2018-06-18,44.43178939819336,93.01309967041016,58.621185302734375,86.18949890136719,86.58152770996094,244.25367736816406,83.08438110351562
2018-06-19,43.71376419067383,93.01309967041016,58.37898254394531,86.73899841308594,86.07730102539062,243.3175048828125,83.170654296875
2018-06-20,43.904457092285156,93.94451141357422,58.64544677734375,87.50399780273438,86.06925964355469,243.7325897216797,83.01375579833984
2018-06-21,43.65962600708008,93.27131652832031,57.92084884643555,86.51100158691406,86.04528045654297,242.20460510253906,83.03731536865234
2018-06-22,43.53249740600586,92.59810638427734,57.91341018676758,85.78350067138672,84.63665771484375,242.646240234375,83.11571502685547
2018-06-25,42.88511657714844,90.73528289794922,56.42705535888672,83.15750122070312,83.86834716796875,239.34317016601562,83.06864929199219
2018-06-26,43.41716384887695,91.37157440185547,56.09719467163086,84.55449676513672,83.92436218261719,239.87301635742188,83.20205688476562
2018-06-27,43.35359573364258,89.9513931274414,55.32059097290039,83.02549743652344,82.6277847290039,237.88587951660156,83.35111999511719
2018-06-28,43.6690559387207,90.95660400390625,55.80795669555664,85.07250213623047,83.98036193847656,239.24594116210938,83.34329986572266
2018-06-29,43.57722091674805,90.93815612792969,55.927310943603516,84.98999786376953,83.3961181640625,239.5904541015625,83.41384887695312
2018-07-02,44.06452941894531,92.22924041748047,56.56721878051758,85.68900299072266,84.10043334960938,240.10263061523438,83.33448791503906
2018-07-03,43.297088623046875,91.34391784667969,55.28789138793945,84.697998046875,82.9239273071289,239.2547607421875,83.50740051269531
2018-07-05,43.6455078125,91.99868774414062,56.526611328125,84.98650360107422,83.46307373046875,241.20664978027344,83.58603668212891
2018-07-06,44.25051498413086,93.289794921875,57.20960998535156,85.53150177001953,83.7366714477539,243.2467803955078,83.67254638671875
2018-07-09,44.86494445800781,93.92607116699219,57.81386184692383,86.95099639892578,86.3277816772461,245.43716430664062,83.59389495849609
2018-07-10,44.81079864501953,94.1750717163086,57.80692672729492,87.15350341796875,85.79669189453125,246.32029724121094,83.53102874755859
2018-07-11,44.22932434082031,94.04597473144531,58.020896911621094,87.75,85.61161041259766,244.51861572265625,83.56245422363281
2018-07-12,44.97087860107422,96.08404541015625,59.49684524536133,89.83100128173828,85.98178100585938,246.73541259765625,83.66469573974609
2018-07-13,45.04151153564453,97.2275619506836,59.65336227416992,90.65149688720703,85.58747100830078,246.92967224121094,83.74329376220703
2018-07-16,44.94263458251953,96.74800872802734,59.26158905029297,91.12449645996094,88.98329162597656,246.7089080810547,83.64894866943359
2018-07-17,45.06974792480469,97.70709228515625,60.082275390625,92.19650268554688,88.91890716552734,247.7069091796875,83.61753082275391
2018-07-18,44.82258224487305,96.94169616699219,60.073856353759766,92.14600372314453,89.74774932861328,248.22799682617188,83.59389495849609
2018-07-19,45.17098617553711,96.27772521972656,59.389862060546875,90.64849853515625,88.42802429199219,247.29177856445312,83.71971130371094
2018-07-20,45.06740188598633,98.00218200683594,59.329444885253906,90.68499755859375,89.54656219482422,247.00912475585938,83.55461120605469
2018-07-23,45.107421875,99.56996154785156,59.97925567626953,90.0999984741211,91.21229553222656,247.46844482421875,83.26371765136719
2018-07-24,45.43464279174805,99.28407287597656,62.31454086303711,91.46199798583984,91.85604858398438,248.7137908935547,83.38162231445312
2018-07-25,45.863101959228516,102.20744323730469,63.19565200805664,93.18049621582031,92.68488311767578,250.83338928222656,83.38948059082031
2018-07-26,45.7194938659668,101.09158325195312,63.66914367675781,90.4000015258789,92.41932678222656,250.24168395996094,83.34231567382812
2018-07-27,44.959102630615234,99.30248260498047,62.05401611328125,90.8635025024414,93.3688735961914,248.54595947265625,83.40522003173828
2018-07-30,44.70721435546875,97.17223358154297,60.92228698730469,88.96099853515625,93.93216705322266,247.2476806640625,83.31874847412109
2018-07-31,44.79667282104492,97.82698059082031,60.782615661621094,88.87200164794922,92.49979400634766,248.4664306640625,83.38948059082031
2018-08-01,47.43564987182617,98.01143646240234,61.06839370727539,89.8584976196289,93.07112121582031,248.0513153076172,83.3035888671875
2018-08-02,48.822227478027344,99.20105743408203,61.47154998779297,91.71649932861328,93.46542358398438,249.402587890625,83.33509826660156
2018-08-03,48.96347427368164,99.63450622558594,61.324462890625,91.16449737548828,94.22185516357422,250.4712677001953,83.51637268066406
2018-08-06,49.21772384643555,99.7175064086914,61.30018615722656,92.38749694824219,94.24600219726562,251.38983154296875,83.571533203125
2018-08-07,48.75630569458008,100.40914916992188,62.200130462646484,93.1240005493164,94.59203338623047,252.2200164794922,83.42182922363281
2018-08-08,48.78927993774414,100.97169494628906,62.47203826904297,94.32599639892578,94.78514099121094,252.11410522460938,83.42182922363281
2018-08-09,49.17300033569336,101.13768768310547,62.627052307128906,94.9260025024414,94.05287170410156,251.76959228515625,83.54002380371094
2018-08-10,49.02653121948242,100.51980590820312,62.03519058227539,94.31500244140625,93.12749481201172,250.08258056640625,83.72129821777344
2018-08-13,49.343082427978516,99.79127502441406,61.84351348876953,94.80999755859375,91.6468276977539,249.14645385742188,83.76856994628906
2018-08-14,49.55097961425781,101.0362548828125,62.31404113769531,95.98249816894531,92.25840759277344,250.73622131347656,83.68975830078125
2018-08-15,49.66674041748047,99.66615295410156,61.03025817871094,94.13099670410156,91.49393463134766,248.86387634277344,83.80796813964844
2018-08-16,50.39434051513672,99.64762878417969,60.626102447509766,94.32599639892578,92.3549575805664,250.87759399414062,83.85527801513672
2018-08-17,51.40071487426758,99.59210968017578,60.21946716308594,94.11100006103516,92.3549575805664,251.7607421875,83.90258026123047
2018-08-20,50.8998908996582,98.93480682373047,60.5215950012207,93.83550262451172,92.23426055908203,252.2994842529297,84.06807708740234
2018-08-21,50.8006706237793,98.11088562011719,60.29673767089844,94.1709976196289,92.79755401611328,252.89126586914062,83.99715423583984
2018-08-22,50.803043365478516,99.1106948852539,60.511688232421875,95.24500274658203,92.51589965820312,252.7410125732422,84.06807708740234
2018-08-23,50.906986236572266,99.5735855102539,60.482460021972656,95.1449966430664,92.32275390625,252.4053955078125,84.02076721191406
2018-08-24,51.06526184082031,100.35118865966797,61.25462341308594,95.26950073242188,92.28253173828125,253.92459106445312,84.11534118652344
2018-08-27,51.48576736450195,101.46208953857422,62.22141647338867,96.38400268554688,93.91606903076172,255.9293670654297,84.00495910644531
2018-08-28,51.901554107666016,102.0730972290039,61.70581817626953,96.64099884033203,93.4573974609375,256.052978515625,83.84737396240234
2018-08-29,52.67639923095703,103.70240783691406,62.63646697998047,99.90499877929688,93.15161895751953,257.4306945800781,83.83162689208984
2018-08-30,53.16069793701172,103.63758850097656,62.130794525146484,100.11900329589844,92.69294738769531,256.388671875,83.87101745605469
2018-08-31,53.77491760253906,103.98941802978516,61.00944519042969,100.635498046875,92.20204162597656,256.39752197265625,83.8631591796875
2018-09-04,53.947364807128906,103.41541290283203,59.99460983276367,101.97550201416016,92.6607666015625,255.95582580566406,83.76996612548828
2018-09-05,53.59537887573242,100.43450927734375,59.389862060546875,99.74099731445312,92.21012115478516,255.26693725585938,83.73049926757812
2018-09-06,52.70475769042969,100.66594696044922,58.64148712158203,97.91549682617188,91.81582641601562,254.4985809326172,83.87265014648438
2018-09-07,52.2795295715332,100.17530059814453,58.32450485229492,97.60350036621094,91.99285888671875,254.00401306152344,83.57247924804688
2018-09-10,51.57791519165039,101.2584228515625,58.19919967651367,96.95050048828125,91.50196075439453,254.44561767578125,83.65148162841797
2018-09-11,52.88195037841797,102.98030853271484,58.938655853271484,99.35749816894531,92.08138275146484,255.28451538085938,83.50930023193359
2018-09-12,52.225196838378906,103.41541290283203,58.027828216552734,99.5,90.9950180053711,255.34649658203125,83.56458282470703
2018-09-13,53.48671340942383,104.5263442993164,58.54985809326172,99.49349975585938,91.34908294677734,256.8567199707031,83.61989593505859
2018-09-14,52.87958526611328,104.95215606689453,58.34381866455078,98.5094985961914,91.3330078125,256.90081787109375,83.4619140625
2018-09-17,51.471595764160156,103.81348419189453,57.44487380981445,95.40149688720703,91.6065902709961,255.5406036376953,83.4619140625
2018-09-18,51.55664825439453,104.80403137207031,57.80543899536133,97.05249786376953,91.97676086425781,256.9273681640625,83.28022003173828
2018-09-19,51.58734893798828,103.4061508178711,58.16006088256836,96.32099914550781,94.64834594726562,257.201171875,83.12228393554688
2018-09-20,51.97950744628906,105.1373291015625,59.01691436767578,97.21499633789062,95.4610824584961,259.2854919433594,83.23287963867188
2018-09-21,51.41961669921875,105.77609252929688,58.0535774230957,95.75050354003906,94.83341979980469,259.048583984375,83.29605865478516
2018-09-24,52.15903854370117,106.1556396484375,58.42207336425781,96.71800231933594,93.92412567138672,258.1880187988281,83.21707916259766
2018-09-25,52.489784240722656,105.95196533203125,59.13182067871094,98.72750091552734,93.6585693359375,257.948486328125,83.17758941650391
2018-09-26,52.0716438293457,105.51685333251953,59.14024353027344,98.74250030517578,92.55613708496094,257.17657470703125,83.37504577636719
2018-09-27,53.141807556152344,105.91494750976562,59.798973083496094,100.64900207519531,92.15377807617188,257.89520263671875,83.43030548095703
2018-09-28,53.328426361083984,105.87792205810547,59.78510284423828,100.1500015258789,90.8019027709961,257.921875,83.34346008300781
2018-10-01,53.68750762939453,107.02584838867188,59.85691833496094,100.21800231933594,91.3330078125,258.8179016113281,83.32122802734375
2018-10-02,54.164730072021484,106.59999084472656,59.81283950805664,98.56549835205078,91.71121215820312,258.66717529296875,83.41629791259766
2018-10-03,54.823814392089844,106.61852264404297,60.0055046081543,97.63800048828125,92.57221984863281,258.8089599609375,83.02044677734375
2018-10-04,53.859962463378906,104.41522216796875,58.298744201660156,95.47100067138672,93.4068603515625,256.7862854003906,82.78289794921875
2018-10-05,52.985877990722656,103.80421447753906,57.841102600097656,94.48249816894531,92.8801498413086,255.3489227294922,82.60079193115234
2018-10-08,52.863040924072266,102.6192626953125,57.251216888427734,93.22100067138672,93.44739532470703,255.3489227294922,82.56914520263672
2018-10-09,53.59537887573242,103.92457580566406,56.718772888183594,93.51599884033203,92.7990951538086,254.97637939453125,82.68788146972656
2018-10-10,51.11250305175781,98.27752685546875,54.09326171875,87.76249694824219,90.3276138305664,246.90304565429688,82.66414642333984
2018-10-11,50.66129684448242,98.04608917236328,54.0229377746582,85.96800231933594,87.62109375,241.46461486816406,82.90959167480469
2018-10-12,52.47088623046875,101.43434143066406,55.4988899230957,89.43049621582031,86.6649169921875,244.81822204589844,82.93332672119141
2018-10-15,51.34873580932617,99.61058807373047,54.602420806884766,88.04750061035156,86.17059326171875,243.4429931640625,82.87789154052734
2018-10-16,52.480323791503906,102.75814056396484,56.11997985839844,90.99800109863281,88.01815795898438,248.7660675048828,82.92540740966797
2018-10-17,52.2535400390625,102.48969268798828,55.84807586669922,91.58650207519531,88.99866485595703,248.8105010986328,82.75916290283203
2018-10-18,51.032196044921875,100.44378662109375,54.3780632019043,88.53600311279297,87.58866882324219,245.21737670898438,82.70374298095703
2018-10-19,51.809417724609375,100.5918960571289,54.73812484741211,88.20149993896484,87.44281005859375,245.08433532714844,82.63246154785156
2018-10-22,52.125972747802734,101.4898681640625,55.04471206665039,89.46499633789062,86.18681335449219,243.98426818847656,82.61664581298828
2018-10-23,52.617347717285156,100.07347106933594,55.22004318237305,88.43499755859375,85.28736114501953,242.74208068847656,82.71955108642578
2018-10-24,50.81249237060547,94.72266387939453,52.35777282714844,83.20999908447266,83.6990966796875,235.3874053955078,82.93332672119141
2018-10-25,51.92517852783203,100.2586441040039,54.65938186645508,89.1084976196289,84.97130584716797,239.6103515625,82.86207580566406
2018-10-26,51.09834671020508,99.01813507080078,53.67673110961914,82.1405029296875,83.80445098876953,235.396240234375,83.05210876464844
2018-10-29,50.13921356201172,96.13900756835938,51.24883270263672,76.94400024414062,84.96320343017578,234.09210205078125,82.96498870849609
2018-10-30,50.38962936401367,96.02792358398438,51.980857849121094,76.52100372314453,86.46234893798828,237.56105041503906,82.84622955322266
2018-10-31,51.7031135559082,98.8792724609375,54.015010833740234,79.90049743652344,88.34228515625,240.09829711914062,82.80665588378906
2018-11-01,52.49686050415039,98.05530548095703,53.787174224853516,83.27649688720703,88.30989074707031,242.65341186523438,83.01589202880859
2018-11-02,49.01472091674805,98.27752685546875,53.06950759887695,83.27649688720703,87.82369232177734,241.2162628173828,82.76927185058594
2018-11-05,47.6232795715332,99.52728271484375,52.28892517089844,81.38999938964844,88.3990249633789,242.54696655273438,82.82495880126953
2018-11-06,48.138275146484375,99.7216796875,52.97441482543945,82.1405029296875,88.81230163574219,244.08175659179688,82.83290863037109
2018-11-07,49.59822082519531,103.64686584472656,54.88968276977539,87.77449798583984,90.33570861816406,249.3072967529297,82.90451049804688
2018-11-08,49.4251708984375,103.45245361328125,54.21561050415039,87.74549865722656,91.06501770019531,248.8549041748047,82.75330352783203
2018-11-09,48.4721794128418,101.43434143066406,53.34340286254883,85.62149810791016,90.1817398071289,246.4239044189453,82.85680389404297
2018-11-12,46.03043746948242,98.93480682373047,51.97343826293945,81.84249877929688,88.28558349609375,241.81951904296875,82.99201202392578
2018-11-13,45.570533752441406,98.99960327148438,51.90459060668945,81.55850219726562,88.80419158935547,241.3670196533203,83.02384948730469
2018-11-14,44.28328323364258,97.59568786621094,52.231971740722656,79.95050048828125,86.97283172607422,239.7168731689453,83.03181457519531
2018-11-15,45.37614440917969,99.74339294433594,53.04771041870117,80.97200012207031,89.19315338134766,242.21865844726562,83.13526153564453
2018-11-16,45.87871170043945,100.68244934082031,52.91002655029297,79.67050170898438,89.12830352783203,242.84866333007812,83.27051544189453
2018-11-19,44.06044006347656,97.270263671875,50.886775970458984,75.614501953125,89.80899810791016,238.74095153808594,83.26255035400391
2018-11-20,41.955326080322266,94.564697265625,51.03684997558594,74.77300262451172,87.88040924072266,234.32272338867188,83.23072052001953
2018-11-21,41.90790939331055,95.8663558959961,51.679725646972656,75.83650207519531,87.22403717041016,235.12124633789062,83.28639221191406
2018-11-23,40.843509674072266,95.82915496826172,51.01951599121094,75.10299682617188,86.42180633544922,233.55093383789062,83.26255035400391
2018-11-26,41.3958625793457,98.99031829833984,52.299339294433594,79.06649780273438,88.53678894042969,237.32150268554688,83.24663543701172
2018-11-27,41.30577087402344,99.6132583618164,52.11806106567383,79.07099914550781,88.9095458984375,238.119873046875,83.27051544189453
2018-11-28,42.89410400390625,103.31364440917969,54.0749397277832,83.88749694824219,89.89810943603516,243.6026153564453,83.42965698242188
2018-11-29,42.564571380615234,102.448974609375,54.21311950683594,83.67849731445312,89.18505096435547,243.07040405273438,83.46942901611328
2018-11-30,42.334632873535156,103.09980010986328,54.95951843261719,84.50849914550781,90.10072326660156,244.55203247070312,83.44554901123047
2018-12-03,43.813899993896484,104.21549987792969,55.2918586730957,88.61799621582031,90.95159149169922,247.7902069091797,83.58191680908203
2018-12-04,41.88658142089844,100.89627075195312,52.622764587402344,83.41999816894531,86.89179992675781,239.7611846923828,83.80522918701172
2018-12-06,41.41957092285156,101.51921081542969,53.395904541015625,84.95950317382812,85.2387466430664,239.39744567871094,84.01258087158203
2018-12-07,39.94266891479492,97.45622253417969,51.835750579833984,81.45649719238281,83.6990966796875,233.83486938476562,84.12422943115234
2018-12-10,40.205810546875,100.0315933227539,52.162628173828125,82.05149841308594,82.13514709472656,234.2783660888672,84.18006896972656
2018-12-11,39.975852966308594,100.96135711669922,52.58214569091797,82.16200256347656,81.33295440673828,234.33164978027344,84.20399475097656
2018-12-12,40.08727264404297,101.41692352294922,53.18044662475586,83.177001953125,81.8596420288086,235.51162719726562,84.14022064208984
2018-12-13,40.525840759277344,101.76094818115234,53.17103958129883,82.91899871826172,81.9406967163086,235.43170166015625,84.16413879394531
2018-12-14,39.2291145324707,98.58121490478516,52.08982849121094,79.59549713134766,81.26809692382812,231.08457946777344,84.18799591064453
2018-12-17,38.86403274536133,95.66180419921875,50.799110412597656,76.04550170898438,80.23088836669922,226.551025390625,84.33156585693359
2018-12-18,39.368988037109375,96.66593933105469,51.678741455078125,77.5739974975586,79.85002899169922,226.30264282226562,84.57935333251953
2018-12-19,38.140995025634766,96.40559387207031,51.28499221801758,74.75399780273438,78.8371353149414,222.9136199951172,84.65924072265625
2018-12-20,37.178531646728516,94.37875366210938,50.69658660888672,73.04149627685547,78.15642547607422,219.28500366210938,84.57935333251953
2018-12-21,35.7324333190918,91.32918548583984,49.0953254699707,68.87249755859375,76.30887603759766,214.79196166992188,84.53938293457031
2018-12-24,34.80788803100586,87.5171890258789,48.76942443847656,67.197998046875,74.66389465332031,209.11654663085938,84.59531402587891
2018-12-26,37.259124755859375,93.49551391601562,51.89865493774414,73.54499816894531,77.7593765258789,219.68212890625,84.43545532226562
2018-12-27,37.017311096191406,94.07192993164062,52.14876174926758,73.08200073242188,78.63453674316406,221.3687286376953,84.57132720947266
2018-12-28,37.03628921508789,93.33744049072266,51.8406982421875,73.9010009765625,78.46434783935547,221.08311462402344,84.88299560546875
2018-12-31,37.39425277709961,94.43452453613281,51.75550842285156,75.09850311279297,79.10453796386719,223.01956176757812,85.09876251220703
2019-01-02,37.436912536621094,94.01615142822266,52.236934661865234,76.95649719238281,80.47398376464844,223.25155639648438,85.16268157958984
2019-01-03,33.70792007446289,90.5574951171875,50.790199279785156,75.01399993896484,79.33030700683594,217.92416381835938,85.51429748535156
2019-01-04,35.14689254760742,94.76927185058594,53.39540481567383,78.76950073242188,82.25485229492188,225.2236785888672,85.25859069824219
2019-01-07,35.068668365478516,94.89010620117188,53.28892135620117,81.47550201416016,82.3120346069336,226.99954223632812,85.11474609375
2019-01-08,35.737186431884766,95.57811737060547,53.7569694519043,82.8290023803711,82.15680694580078,229.1322784423828,85.05084228515625
2019-01-09,36.34406280517578,96.94486236572266,53.572715759277344,82.97100067138672,82.0179443359375,230.203125,85.12271881103516
2019-01-10,36.46022415161133,96.32191467285156,53.433048248291016,82.81099700927734,82.00978088378906,231.01516723632812,85.02683258056641
2019-01-11,36.10224533081055,95.57811737060547,52.7218132019043,82.02799987792969,81.6176528930664,231.10440063476562,85.14667510986328
2019-01-14,35.559383392333984,94.88082122802734,52.079917907714844,80.8604965209961,82.4590835571289,229.69444274902344,85.02683258056641
2019-01-15,36.28717041015625,97.63286590576172,53.81343078613281,83.72799682617188,83.06359100341797,232.32696533203125,85.04283905029297
2019-01-16,36.7304801940918,97.97687530517578,53.96200942993164,84.18900299072266,83.73346710205078,232.88916015625,85.11474609375
2019-01-17,36.948570251464844,98.66488647460938,54.437984466552734,84.66100311279297,84.07655334472656,234.65597534179688,85.05084228515625
2019-01-18,37.17615509033203,100.1431884765625,54.8431282043457,84.80999755859375,85.4408187866211,237.77928161621094,84.98684692382812
2019-01-22,36.341697692871094,98.25578308105469,53.423133850097656,81.6084976196289,84.0928955078125,234.5667266845703,85.05882263183594
2019-01-23,36.4886589050293,99.21343994140625,53.70941925048828,82.0009994506836,83.88052368164062,235.0575714111328,85.14667510986328
2019-01-24,36.1994514465332,98.73927307128906,53.68910598754883,82.74649810791016,83.92951202392578,235.1824951171875,85.29053497314453
2019-01-25,37.39898681640625,99.6411361694336,54.55636215209961,83.52850341796875,84.46051025390625,237.17245483398438,85.25056457519531
2019-01-28,37.05287170410156,97.69794464111328,53.48406219482422,81.89450073242188,84.86079406738281,235.36990356445312,85.20265197753906
2019-01-29,36.66883087158203,95.70829772949219,52.998680114746094,79.69400024414062,85.09769439697266,235.0575714111328,85.4263916015625
2019-01-30,39.17458724975586,98.9066162109375,54.382015228271484,83.52149963378906,85.29374694824219,238.7786865234375,85.6181640625
2019-01-31,39.456695556640625,97.09362030029297,55.76386642456055,85.9365005493164,84.55037689208984,240.8758544921875,85.87391662597656
2019-02-01,39.475650787353516,95.55952453613281,55.40379333496094,81.3115005493164,84.86079406738281,240.99176025390625,85.69606018066406
2019-02-04,40.596954345703125,98.31156921386719,56.533042907714844,81.66549682617188,85.16305541992188,242.68724060058594,85.62394714355469
2019-02-05,41.291561126708984,99.68760681152344,57.05062484741211,82.94049835205078,84.78726959228516,243.70460510253906,85.80821990966797
2019-02-06,41.30577087402344,98.58121490478516,55.61528015136719,82.01300048828125,84.74642944335938,243.38333129882812,85.76015472412109
2019-02-07,40.523475646972656,97.87460327148438,54.77428436279297,80.71849822998047,83.63543701171875,241.06320190429688,85.80020904541016
2019-02-08,40.57108688354492,98.24649810791016,54.599449157714844,79.41100311279297,82.80218505859375,241.35763549804688,85.99248504638672
2019-02-11,40.33775329589844,97.85598754882812,54.586570739746094,79.55000305175781,82.41006469726562,241.4915008544922,85.90436553955078
2019-02-12,40.68537139892578,99.38079833984375,55.84757614135742,81.90049743652344,83.81514739990234,244.59690856933594,85.92036437988281
2019-02-13,40.51633071899414,99.30642700195312,55.89957809448242,82.0,84.2154312133789,245.39111328125,85.76813507080078
2019-02-14,40.66393280029297,99.39008331298828,55.92780685424805,81.13249969482422,83.66810607910156,244.84678649902344,85.89637756347656
2019-02-15,40.5734748840332,100.61737060546875,55.45381546020508,80.39749908447266,86.22505950927734,247.51492309570312,85.96041870117188
2019-02-19,40.69488525390625,100.57086181640625,55.79457473754883,81.37899780273438,85.92277526855469,247.94325256347656,86.008544921875
2019-02-20,40.95677185058594,100.0479965209961,55.50136947631836,81.1050033569336,86.33943176269531,248.44300842285156,86.01650238037109
2019-02-21,40.725830078125,102.15819549560547,54.690086364746094,80.97200012207031,86.15968322753906,247.5595703125,85.82424926757812
2019-02-22,41.180580139160156,103.61480712890625,55.301761627197266,81.5780029296875,85.77574157714844,249.09446716308594,86.04052734375
2019-02-25,41.48054885864258,104.1937026977539,55.33990478515625,81.6500015258789,86.67434692382812,249.43345642089844,86.01650238037109
2019-02-26,41.50436019897461,104.91268157958984,55.57169723510742,81.81999969482422,86.01264190673828,249.25506591796875,86.11260986328125
2019-02-27,41.63291549682617,104.73526763916016,55.61528015136719,82.05449676513672,85.90646362304688,249.14791870117188,85.92837524414062
2019-02-28,41.223419189453125,104.60453033447266,55.79655838012695,81.99150085449219,85.25289916992188,248.68394470214844,85.77613830566406
2019-03-01,41.65672302246094,105.07138061523438,56.884700775146484,83.58650207519531,85.31010437011719,250.23660278320312,85.63724517822266
2019-03-04,41.866241455078125,104.81930541992188,57.12739181518555,84.80850219726562,85.11405944824219,249.32650756835938,85.74165344238281
2019-03-05,41.7900390625,104.29642486572266,57.90846633911133,84.62149810791016,85.04869842529297,248.9874267578125,85.79782867431641
2019-03-06,41.549591064453125,104.34309387207031,57.69796371459961,83.44750213623047,84.73008728027344,247.47930908203125,85.92636108398438
2019-03-07,41.06867218017578,103.07322692871094,57.00010681152344,81.29750061035156,84.11739349365234,245.40902709960938,86.16727447509766
2019-03-08,41.166297912597656,103.18528747558594,56.95651626586914,81.04000091552734,84.15010833740234,244.91815185546875,86.27970123291016
2019-03-11,42.59238052368164,105.35152435302734,58.40721893310547,83.53099822998047,85.24472045898438,248.4697723388672,86.28777313232422
2019-03-12,43.0709342956543,106.08916473388672,59.29823684692383,83.65499877929688,84.99150085449219,249.40679931640625,86.44837951660156
2019-03-13,43.261383056640625,106.91084289550781,59.38787841796875,84.54049682617188,85.27739715576172,251.05763244628906,86.40823364257812
2019-03-14,43.742305755615234,106.99488067626953,59.06446075439453,84.31099700927734,86.05349731445312,250.89706420898438,86.27970123291016
2019-03-15,44.31131362915039,108.22737121582031,58.954010009765625,85.61799621582031,87.04196166992188,252.1365966796875,86.49657440185547
2019-03-18,44.76366424560547,109.77732849121094,58.867340087890625,87.10749816894531,87.56478118896484,253.05078125,86.48052978515625
2019-03-19,44.40892791748047,109.85201263427734,59.556278228759766,88.09249877929688,87.24618530273438,253.11349487304688,86.43232727050781
2019-03-20,44.7969970703125,109.73065948486328,60.74348449707031,89.8635025024414,85.38362884521484,252.3516845703125,86.78572082519531
2019-03-21,46.4468879699707,112.25172424316406,61.223907470703125,90.96299743652344,84.03572082519531,255.2019500732422,86.80176544189453
2019-03-22,45.48503875732422,109.29180908203125,59.81333923339844,88.2385025024414,81.49510955810547,250.2902069091797,87.23548126220703
2019-03-25,44.935081481933594,109.86138916015625,59.30467224121094,88.71299743652344,80.81708526611328,250.1020050048828,87.39607238769531
2019-03-26,44.4708251953125,110.09481048583984,58.93122863769531,89.18800354003906,81.62583923339844,251.96620178222656,87.412109375
2019-03-27,44.87079620361328,109.0303726196289,58.34530258178711,88.28500366210938,81.34808349609375,250.64881896972656,87.59686279296875
2019-03-28,44.93031311035156,109.17975616455078,58.061012268066406,88.6709976196289,82.27118682861328,251.5988006591797,87.60489654541016
2019-03-29,45.22315216064453,110.12281799316406,58.28982925415039,89.0374984741211,82.69597625732422,253.1852569580078,87.59686279296875
2019-04-01,45.53028106689453,111.13124084472656,59.3839225769043,90.70950317382812,85.48164367675781,256.18792724609375,87.19598388671875
2019-04-02,46.192134857177734,111.28996276855469,59.708824157714844,90.6989974975586,85.89009857177734,256.3132629394531,87.29254150390625
2019-04-03,46.5087890625,112.01828002929688,59.969844818115234,91.03500366210938,86.06163787841797,256.7166442871094,87.13149261474609
2019-04-04,46.5897331237793,111.44869232177734,60.39777374267578,90.94300079345703,86.89305877685547,257.3978271484375,87.19598388671875
2019-04-05,46.90161895751953,111.94357299804688,60.00154495239258,91.86399841308594,86.6872787475586,258.6436767578125,87.26035308837891
2019-04-08,47.639652252197266,111.98092651367188,59.844539642333984,92.49299621582031,86.96713256835938,258.8408508300781,87.2200927734375
2019-04-09,47.496803283691406,111.37399291992188,59.56767272949219,91.79199981689453,86.32505798339844,257.5143737792969,87.26837921142578
2019-04-10,47.763465881347656,112.22367095947266,59.753902435302734,92.36650085449219,86.71195983886719,258.3927307128906,87.43744659423828
2019-04-11,47.36587142944336,112.35441589355469,59.90941619873047,92.20349884033203,87.44456481933594,258.32098388671875,87.33282470703125
2019-04-12,47.346832275390625,112.93331146240234,60.56023025512695,92.15299987792969,91.54391479492188,260.0687561035156,87.16377258300781
2019-04-15,47.43252944946289,113.02668762207031,60.748435974121094,92.24349975585938,90.49849700927734,259.8984680175781,87.14765167236328
2019-04-16,47.43728256225586,112.7652359008789,61.0149040222168,93.1520004272461,91.45338439941406,260.0687561035156,86.99469757080078
2019-04-17,48.361045837402344,113.69894409179688,61.422523498535156,93.24099731445312,94.08749389648438,259.4324645996094,86.98664093017578
2019-04-18,48.53484344482422,115.19290161132812,61.48839569091797,93.08450317382812,93.39603424072266,259.9432373046875,87.099365234375
2019-04-22,48.69435501098633,115.55706024169922,62.097103118896484,94.3655014038086,93.51128387451172,260.16741943359375,86.99469757080078
2019-04-23,49.39668273925781,117.125732421875,62.930667877197266,96.1884994506836,93.62654876708984,262.5066833496094,87.14765167236328
2019-04-24,49.32051086425781,116.7242202758789,62.40864181518555,95.0875015258789,93.47013092041016,261.9241027832031,87.34888458251953
2019-04-25,48.872901916503906,120.58979034423828,62.76970672607422,95.11250305175781,93.51950073242188,261.7627868652344,87.34083557128906
2019-04-26,48.63960266113281,121.28077697753906,63.268951416015625,97.53150177001953,94.2274398803711,262.9818420410156,87.51799011230469
2019-04-29,48.71339797973633,121.16871643066406,64.19908905029297,96.92150115966797,95.58563995361328,263.3941345214844,87.36500549316406
2019-04-30,47.77537155151367,121.9437255859375,59.3829345703125,96.32599639892578,95.52803039550781,263.5284118652344,87.42134857177734
2019-05-01,50.120445251464844,119.40396881103516,58.11301803588867,95.57599639892578,94.79539489746094,261.5477294921875,87.47782135009766
2019-05-02,49.794273376464844,117.84467315673828,57.775726318359375,95.04100036621094,95.001220703125,260.9830017089844,87.28417205810547
2019-05-03,50.41328430175781,120.35638427734375,58.9168701171875,98.12300109863281,95.58563995361328,263.5374450683594,87.42943572998047
2019-05-06,49.63475799560547,119.65609741210938,59.11052322387695,97.52749633789062,94.73779296875,262.45294189453125,87.54241180419922
2019-05-07,48.296749114990234,117.20040130615234,58.38740921020508,96.05000305175781,93.19025421142578,258.0700378417969,87.64730072021484
2019-05-08,48.306270599365234,117.19108581542969,57.987205505371094,95.88849639892578,92.69635009765625,257.7115478515625,87.63117980957031
2019-05-09,47.78727722167969,117.18173217773438,57.84803009033203,94.99349975585938,92.62223815917969,256.9317626953125,87.6795654296875
2019-05-10,47.12525177001953,118.70368194580078,57.83169174194336,94.4990005493164,92.61402893066406,258.2224426269531,87.69575500488281
2019-05-13,44.386356353759766,115.17423248291016,56.2938232421875,91.13400268554688,90.09515380859375,251.73329162597656,87.84100341796875
2019-05-14,45.08900451660156,116.46277618408203,55.71285629272461,92.00599670410156,90.81132507324219,254.00987243652344,87.91361999511719
2019-05-15,45.6291389465332,118.10282897949219,57.98820114135742,93.55750274658203,90.46556854248047,255.4977264404297,88.06691741943359
2019-05-16,45.428375244140625,120.83000946044922,58.66674041748047,95.37850189208984,91.62623596191406,257.86395263671875,87.96202087402344
2019-05-17,45.17026138305664,120.02404022216797,57.888153076171875,93.44999694824219,91.1817398071289,256.19683837890625,87.98625183105469
2019-05-20,43.75779724121094,118.2902603149414,56.69352722167969,92.94850158691406,91.6591567993164,254.50286865234375,87.86520385742188
2019-05-21,44.5966796875,118.92754364013672,57.177913665771484,92.8759994506836,91.97196197509766,256.79736328125,87.85713195800781
2019-05-22,43.6837043762207,119.64918518066406,57.24774932861328,92.98400115966797,91.22289276123047,256.00860595703125,88.00238800048828
2019-05-23,42.93803787231445,118.2527847290039,56.727203369140625,90.77400207519531,89.42840576171875,252.88047790527344,88.26059722900391
2019-05-24,42.773136138916016,118.30899810791016,56.39387512207031,91.16400146484375,90.30917358398438,253.45420837402344,88.29291534423828
2019-05-28,42.59627151489258,118.23402404785156,56.44092559814453,91.82150268554688,89.32963562011719,251.09683227539062,88.42205047607422
2019-05-29,42.393131256103516,117.0906982421875,55.46917724609375,90.95950317382812,89.0826644897461,249.4118194580078,88.44621276855469
2019-05-30,42.612998962402344,117.8310317993164,55.5419807434082,90.81600189208984,88.12781524658203,250.0930938720703,88.68023681640625
2019-05-31,41.84104919433594,115.90982055664062,54.80350112915039,88.75350189208984,87.22232055664062,246.72299194335938,89.09183502197266
2019-06-03,41.41802978515625,112.31109619140625,51.447444915771484,84.6344985961914,87.6339111328125,246.09555053710938,89.30215454101562
2019-06-04,42.933258056640625,115.4225082397461,52.22752380371094,86.47799682617188,90.3338851928711,251.43753051757812,89.22124481201172
2019-06-05,43.626346588134766,117.92477416992188,51.73965835571289,86.92500305175781,90.6549072265625,253.615478515625,89.17272186279297
2019-06-06,44.26685333251953,119.78974151611328,51.89419174194336,87.71800231933594,90.85247802734375,255.26466369628906,89.15655517578125
2019-06-07,45.445106506347656,123.14482116699219,52.91497802734375,90.20149993896484,89.85645294189453,257.819091796875,89.40731811523438
2019-06-10,46.02585983276367,124.26946258544922,53.6276969909668,93.03150177001953,90.82777404785156,259.0021667480469,89.17272186279297
2019-06-11,46.558841705322266,123.80082702636719,53.542503356933594,93.18499755859375,91.1076431274414,258.9394836425781,89.15655517578125
2019-06-12,46.41065979003906,123.22916412353516,53.44641876220703,92.76599884033203,89.94699096679688,258.482421875,89.26978302001953
2019-06-13,46.40109634399414,124.00706481933594,54.036312103271484,93.51499938964844,90.16924285888672,259.54888916015625,89.46392822265625
2019-06-14,46.064109802246094,124.12886810302734,53.80302429199219,93.4834976196289,90.39972686767578,259.2621765136719,89.43967437744141
2019-06-17,46.338951110839844,124.50372314453125,54.178955078125,94.30149841308594,89.90583801269531,259.3607482910156,89.41537475585938
2019-06-18,47.428775787353516,126.66860961914062,54.7411003112793,95.06849670410156,91.13232421875,262.0764465332031,89.65802764892578
2019-06-19,47.2901496887207,127.16533660888672,54.7049446105957,95.43949890136719,90.47382354736328,262.6680603027344,89.96543884277344
2019-06-20,47.670166015625,128.3461456298828,55.135345458984375,95.90950012207031,90.70430755615234,265.1777038574219,90.11910247802734
2019-06-21,47.50764846801758,128.3649139404297,55.738121032714844,95.56500244140625,90.08692932128906,264.79217529296875,89.88455200195312
2019-06-24,47.4598503112793,129.1239776611328,55.30869674682617,95.69499969482422,89.44485473632812,264.468017578125,90.04630279541016
2019-06-25,46.74047088623047,125.04732513427734,53.866424560546875,93.91349792480469,88.70402526855469,261.87408447265625,90.06253051757812
2019-06-26,47.75141906738281,125.51588439941406,53.50684356689453,94.8915023803711,89.29667663574219,261.6129150390625,89.86026763916016
2019-06-27,47.737083435058594,125.72209167480469,53.32408905029297,95.21399688720703,89.59302520751953,262.5406494140625,90.11105346679688
2019-06-28,47.302101135253906,125.54399871826172,53.62967300415039,94.68150329589844,92.02957153320312,263.89154052734375,90.07059478759766
2019-07-01,48.1696662902832,127.15592193603516,54.481571197509766,96.1094970703125,93.57714080810547,266.2872009277344,90.13705444335938
2019-07-02,48.45168685913086,127.99940490722656,55.10563278198242,96.71549987792969,93.67593383789062,266.980712890625,90.29922485351562
2019-07-03,48.853187561035156,128.82412719726562,55.620235443115234,96.94999694824219,93.52671813964844,269.1153259277344,90.44512176513672
2019-07-05,48.810176849365234,128.4492645263672,56.099674224853516,97.14550018310547,94.0821304321289,268.80908203125,90.06409454345703
2019-07-08,47.80400085449219,128.35557556152344,55.31315612792969,97.61599731445312,93.56816864013672,267.33209228515625,90.01543426513672
2019-07-09,48.09557342529297,127.88694763183594,55.68462371826172,99.41500091552734,93.966064453125,267.66522216796875,89.99116516113281
2019-07-10,48.5711784362793,129.1896514892578,56.507789611816406,100.87049865722656,93.69248962402344,268.9442443847656,90.05599212646484
2019-07-11,48.217464447021484,129.70504760742188,56.664791107177734,100.05349731445312,94.58781433105469,269.5746765136719,89.72359466552734
2019-07-12,48.58790969848633,130.17364501953125,56.727203369140625,100.55000305175781,95.58259582519531,270.781494140625,89.82089233398438
2019-07-15,49.04438781738281,130.17364501953125,56.983272552490234,101.04949951171875,94.4219970703125,270.8716735839844,89.95057678222656
2019-07-16,48.87470626831055,128.46800231933594,57.12937545776367,100.49500274658203,95.4333724975586,269.9979248046875,89.85334014892578
2019-07-17,48.59986114501953,127.70890808105469,56.79654312133789,99.60150146484375,94.4966049194336,268.1605529785156,90.08842468261719
2019-07-18,49.151939392089844,127.84950256347656,56.82130432128906,98.8949966430664,95.06031799316406,269.142333984375,90.23436737060547
2019-07-19,48.41822052001953,128.03688049316406,56.0442008972168,98.22599792480469,94.12356567382812,267.6472473144531,90.12898254394531
2019-07-22,49.524776458740234,129.733154296875,56.423587799072266,99.28150177001953,94.72872161865234,268.3046569824219,90.24247741699219
2019-07-23,49.91194152832031,130.53912353515625,56.861427307128906,99.72450256347656,96.46131896972656,270.22314453125,90.15327453613281
2019-07-24,49.87131881713867,131.87933349609375,56.4493522644043,100.04049682617188,96.85093688964844,271.49310302734375,90.28302764892578
2019-07-25,49.476966857910156,131.3826141357422,56.26163101196289,98.69100189208984,95.9224853515625,270.1961669921875,90.14517211914062
2019-07-26,49.64905548095703,132.46035766601562,61.674129486083984,97.15249633789062,96.34526062011719,272.00640869140625,90.16139221191406
2019-07-29,50.112701416015625,132.1698455810547,61.50672912597656,95.62249755859375,96.03852844238281,271.5111083984375,90.20189666748047
2019-07-30,49.897613525390625,131.53256225585938,60.82124328613281,94.92649841308594,95.82299041748047,270.8446044921875,90.19384002685547
2019-07-31,50.91572189331055,127.70890808105469,60.33585739135742,93.33899688720703,96.1628646850586,267.8815002441406,90.23436737060547
2019-08-01,49.8139533996582,129.3863983154297,60.017887115478516,92.76599884033203,93.62616729736328,265.54864501953125,90.94138336181641
2019-08-02,48.75997543334961,128.2992706298828,59.25217819213867,91.16200256347656,93.61788177490234,263.5494079589844,90.97386169433594
2019-08-05,46.20750427246094,123.9039306640625,57.193260192871094,88.25650024414062,90.8324966430664,255.62371826171875,91.37203216552734
2019-08-06,47.082237243652344,126.2281494140625,58.0020751953125,89.3915023803711,91.54541015625,259.20819091796875,91.61582946777344
2019-08-07,47.56977844238281,126.78106689453125,58.241294860839844,89.66999816894531,89.55583953857422,259.3612365722656,91.56708526611328
2019-08-08,48.61898422241211,130.16429138183594,59.74102020263672,91.64450073242188,91.07288360595703,264.45001220703125,91.65644073486328
2019-08-09,48.21833801269531,129.0584259033203,58.88467025756836,90.37899780273438,90.97340393066406,262.6486511230469,91.5345458984375
2019-08-12,48.09598159790039,127.259033203125,58.17145538330078,89.24600219726562,89.26568603515625,259.4513854980469,91.86775207519531
2019-08-13,50.13276672363281,129.89247131347656,59.27247619628906,91.21700286865234,90.64181518554688,263.4861755371094,91.73770141601562
2019-08-14,48.64057159423828,125.98088073730469,57.66379165649414,88.14800262451172,86.87818908691406,255.69557189941406,92.02215576171875
2019-08-15,48.39826202392578,125.69876098632812,57.91490173339844,88.80599975585938,87.20977020263672,256.3710632324219,92.4447021484375
2019-08-16,49.54020690917969,128.00250244140625,58.40473556518555,89.62850189208984,89.2988510131836,260.15380859375,92.37154388427734
2019-08-19,50.463836669921875,130.14637756347656,59.456233978271484,90.80599975585938,90.10297393798828,263.2881164550781,92.12783050537109
2019-08-20,50.46623992919922,129.06504821777344,58.61870193481445,90.06900024414062,88.95895385742188,261.2706604003906,92.37971496582031
2019-08-21,51.013221740722656,130.5037078857422,59.01741027832031,91.177001953125,89.2076644897461,263.3962097167969,92.33097076416016
2019-08-22,50.970035552978516,129.55397033691406,59.014442443847656,90.23300170898438,90.12784576416016,263.3151550292969,92.08715057373047
2019-08-23,48.61418151855469,125.42609405517578,57.135318756103516,87.48100280761719,87.8895492553711,256.5512390136719,92.46095275878906
2019-08-26,49.53779602050781,127.36310577392578,58.007022857666016,88.44349670410156,88.59422302246094,259.3882751464844,92.42034912109375
2019-08-27,48.97883224487305,127.63574981689453,57.989192962646484,88.09149932861328,87.65743255615234,258.3705749511719,92.71287536621094
2019-08-28,49.307498931884766,127.46652221679688,58.13431167602539,88.2125015258789,88.53617858886719,260.1898193359375,92.72103118896484
2019-08-29,50.142356872558594,129.87371826171875,59.1491584777832,89.31999969482422,90.54234313964844,263.5133361816406,92.66413116455078
2019-08-30,50.077606201171875,129.62921142578125,58.96540069580078,88.81449890136719,91.07288360595703,263.3962097167969,92.74539947509766
2019-09-03,49.34828186035156,127.91787719726562,57.926292419433594,89.49199676513672,89.99519348144531,261.8560485839844,92.72341156005859
2019-09-04,50.1855583190918,129.4129638671875,58.55630111694336,90.03099822998047,91.08118438720703,264.82818603515625,92.88629913330078
2019-09-05,51.16675567626953,131.68846130371094,60.03818893432617,92.03600311279297,93.15365600585938,268.23272705078125,92.48715972900391
2019-09-06,51.16196823120117,130.79519653320312,59.747467041015625,91.67549896240234,93.35261535644531,268.43988037109375,92.58489227294922
2019-09-09,51.380271911621094,129.3095245361328,59.69544982910156,91.56749725341797,95.66548156738281,268.574951171875,92.19392395019531
2019-09-10,51.98723602294922,127.95548248291016,59.716758728027344,91.02749633789062,96.88411712646484,268.5118408203125,91.69712066650391
2019-09-11,53.640167236328125,127.99309539794922,60.425010681152344,91.14949798583984,97.14937591552734,270.4212951660156,91.71341705322266
2019-09-12,53.520225524902344,129.3095245361328,61.16645431518555,92.17749786376953,97.74624633789062,271.3579406738281,91.56680297851562
2019-09-13,52.47903823852539,129.1214599609375,61.417076110839844,91.96700286865234,99.66951751708984,271.1778259277344,91.02108764648438
2019-09-16,52.754920959472656,128.1905975341797,61.00103759765625,90.39199829101562,98.78250885009766,270.3403015136719,91.26543426513672
2019-09-17,52.94684600830078,129.187255859375,60.91435623168945,91.12750244140625,98.29339599609375,271.02471923828125,91.40386199951172
2019-09-18,53.443450927734375,130.24986267089844,61.05155563354492,90.87300109863281,99.27989959716797,271.186767578125,91.509765625
2019-09-19,53.009220123291016,132.6475830078125,61.35367965698242,91.07499694824219,98.96487426757812,271.1688232421875,91.64012908935547
2019-09-20,52.23434066772461,131.11485290527344,60.91238021850586,89.70800018310547,98.56695556640625,269.88763427734375,91.97405242919922
2019-09-23,52.47183609008789,130.83277893066406,61.15259552001953,89.26499938964844,98.55036163330078,269.8243103027344,92.0147705078125
2019-09-24,52.22233200073242,129.17787170410156,60.34229278564453,87.08049774169922,97.26543426513672,267.70703125,92.26724243164062
2019-09-25,53.02601623535156,131.03968811035156,61.70979309082031,88.41649627685547,97.82086181640625,269.2904357910156,91.88446044921875
2019-09-26,52.752532958984375,131.2089080810547,61.52901077270508,86.99199676513672,97.01676177978516,268.7294921875,92.03924560546875
2019-09-27,52.49583435058594,129.5069580078125,60.7197151184082,86.27249908447266,97.58875274658203,267.28173828125,92.15323638916016
2019-09-30,53.7313346862793,130.72938537597656,60.481483459472656,86.79550170898438,97.56388092041016,268.5213317871094,92.17762756347656
2019-10-01,53.88007736206055,128.8864288330078,59.731605529785156,86.78250122070312,95.78984832763672,265.3272705078125,92.34500122070312
2019-10-02,52.529415130615234,126.6108627319336,58.340850830078125,85.6614990234375,93.88314056396484,260.64044189453125,92.41033172607422
2019-10-03,52.975643157958984,128.14353942871094,58.910926818847656,86.22100067138672,93.74945831298828,262.7757873535156,92.76950836181641
2019-10-04,54.46064376831055,129.87371826171875,59.97727966308594,86.98249816894531,95.780029296875,266.3316650390625,92.91645050048828
2019-10-07,54.47264099121094,128.93338012695312,59.843048095703125,86.63300323486328,95.57115173339844,265.18243408203125,92.66341400146484
2019-10-08,53.83449935913086,127.56995391845703,58.94559097290039,85.27549743652344,93.44029235839844,261.0657043457031,92.69606781005859
2019-10-09,54.46543884277344,129.98655700683594,59.553306579589844,86.09950256347656,94.11713409423828,263.5447998046875,92.64705657958984
2019-10-10,55.19953918457031,130.79519653320312,59.90346908569336,86.01300048828125,95.43742370605469,265.3272705078125,92.32869720458984
2019-10-11,56.667755126953125,131.340576171875,60.21254348754883,86.59600067138672,97.05018615722656,268.0779113769531,92.02665710449219
2019-10-14,56.5861930847168,131.2183380126953,60.314571380615234,86.82150268554688,97.30924987792969,267.77935791015625,92.18173980712891
2019-10-15,56.45425033569336,133.11773681640625,61.52653884887695,88.36900329589844,100.24231719970703,270.4305114746094,91.87974548339844
2019-10-16,56.2263298034668,132.02700805664062,61.56417465209961,88.87149810791016,100.00834655761719,269.9961853027344,92.04296112060547
2019-10-17,56.44464874267578,131.34994506835938,62.04955291748047,89.3740005493164,100.56822204589844,270.7924499511719,92.01850128173828
2019-10-18,56.71574401855469,129.20608520507812,61.63400650024414,87.87550354003906,100.74369049072266,269.60711669921875,92.08380889892578
2019-10-21,57.6993408203125,130.16517639160156,61.62757110595703,89.28299713134766,103.24221801757812,271.4347839355469,91.83073425292969
2019-10-22,57.56740951538086,128.22817993164062,61.47502517700195,88.2864990234375,104.27840423583984,270.5481872558594,91.96950531005859
2019-10-23,58.33989334106445,129.04623413085938,62.288787841796875,88.1084976196289,104.55416107177734,271.3354797363281,92.04296112060547
2019-10-24,58.435848236083984,131.58506774902344,62.36208724975586,89.03900146484375,104.47895050048828,271.7785339355469,92.06747436523438
2019-10-25,59.155555725097656,132.3278350830078,62.619136810302734,88.06649780273438,105.31459045410156,272.8916015625,91.93684387207031
2019-10-28,59.748130798339844,135.58126831054688,63.84149932861328,88.85399627685547,105.7156982421875,274.42962646484375,91.74089050292969
2019-10-29,58.36627197265625,134.30250549316406,62.4388542175293,88.135498046875,105.64883422851562,274.3482666015625,91.74909973144531
2019-10-30,58.35908126831055,135.97621154785156,62.44083023071289,88.99949645996094,105.0639419555664,275.1898193359375,92.01033020019531
2019-10-31,59.678565979003906,134.81024169921875,62.34672164916992,88.83300018310547,104.38704681396484,274.4568786621094,92.36953735351562
2019-11-01,61.37228012084961,135.13937377929688,63.01289367675781,89.5719985961914,106.79367065429688,276.9994201660156,92.39482879638672
2019-11-04,61.77531814575195,135.91976928710938,63.872711181640625,90.23300170898438,107.64601135253906,278.1123046875,92.16580963134766
2019-11-05,61.686561584472656,135.83518981933594,63.96332931518555,90.08550262451172,107.8799819946289,277.8048095703125,91.82217407226562
2019-11-06,61.71294403076172,135.4590606689453,63.942039489746094,89.78849792480469,108.047119140625,277.8680419921875,91.96125030517578
2019-11-07,62.42518615722656,135.6470947265625,64.73104858398438,89.41000366210938,108.6320571899414,278.8452453613281,91.52762603759766
2019-11-08,62.59603500366211,137.24563598632812,64.83306884765625,89.29399871826172,108.94959259033203,279.53289794921875,91.47853851318359
2019-11-11,63.09171676635742,137.3866424560547,64.3021240234375,88.5824966430664,108.56519317626953,278.9991149902344,91.49489593505859
2019-11-12,63.03396987915039,138.28933715820312,64.24911499023438,88.9000015258789,107.93013000488281,279.587158203125,91.59309387207031
2019-11-13,63.637939453125,138.5150146484375,64.19811248779297,87.65550231933594,107.36188507080078,279.6777038574219,91.75670623779297
2019-11-14,63.19758605957031,139.22021484375,64.84049224853516,87.7300033569336,107.4621810913086,280.0848388671875,92.01853179931641
2019-11-15,63.948360443115234,141.01617431640625,66.04849243164062,86.97450256347656,108.23930358886719,282.11163330078125,91.96941375732422
2019-11-18,64.27079010009766,141.36412048339844,65.36996459960938,87.62650299072266,109.150146484375,282.3196105957031,92.14125061035156
2019-11-19,64.07587432861328,141.4111328125,65.01087188720703,87.6395034790039,109.11671447753906,282.2383117675781,92.20668792724609
2019-11-20,63.3299560546875,141.16580200195312,64.47943115234375,87.27649688720703,108.32289123535156,281.188720703125,92.42759704589844
2019-11-21,63.04599380493164,141.03372192382812,64.39424133300781,86.7354965209961,108.57357025146484,280.73626708984375,92.29670715332031
2019-11-22,62.99065399169922,141.13751220703125,64.07379913330078,87.28600311279297,109.29219055175781,281.36065673828125,92.34578704833984
2019-11-25,64.09514617919922,142.68482971191406,64.66665649414062,88.69200134277344,109.87716674804688,283.5411682128906,92.43580627441406
2019-11-26,63.59461212158203,143.43960571289062,65.03118133544922,89.84700012207031,110.02754211425781,284.18359375,92.56669616699219
2019-11-27,64.44884490966797,143.71327209472656,64.98809051513672,90.92549896240234,110.35345458984375,285.450439453125,92.45216369628906
2019-11-29,64.30686950683594,142.82638549804688,64.58988189697266,90.04000091552734,110.1027603149414,284.3917236328125,92.33760070800781
2019-12-02,63.563358306884766,141.0998077392578,63.83556365966797,89.08000183105469,109.86039733886719,281.9758605957031,92.23593902587891
2019-12-03,62.43001174926758,140.87332153320312,64.12679290771484,88.49800109863281,108.4482192993164,280.0848388671875,92.65411376953125
2019-12-04,62.981021881103516,141.38278198242188,65.32537841796875,88.03450012207031,110.58743286132812,281.81304931640625,92.49832916259766
2019-12-05,63.905029296875,141.45831298828125,65.72260284423828,87.02400207519531,111.1890869140625,282.3196105957031,92.39171600341797
2019-12-06,65.13941955566406,143.17544555664062,66.3382339477539,87.58000183105469,112.84363555908203,284.8985290527344,92.26054382324219
2019-12-09,64.22747039794922,142.80755615234375,66.51654815673828,87.47550201416016,112.31716918945312,284.0026550292969,92.30972290039062
2019-12-10,64.60285186767578,142.5905303955078,66.5115966796875,86.96050262451172,112.39239501953125,283.6859130859375,92.27693176269531
2019-12-11,65.15387725830078,143.1282958984375,66.57896423339844,87.43599700927734,112.12498474121094,284.49139404296875,92.52291107177734
2019-12-12,65.31988525390625,144.581298828125,66.78894805908203,88.0165023803711,115.33381652832031,286.94342041015625,92.12934112548828
2019-12-13,66.20782470703125,145.79837036132812,66.70872497558594,88.0469970703125,114.32270050048828,287.1153259277344,92.49832916259766
2019-12-16,67.3411636352539,146.7418670654297,67.3936996459961,88.46050262451172,114.76557922363281,289.0877380371094,92.30972290039062
2019-12-17,67.4735107421875,145.9492950439453,67.10594177246094,89.53299713134766,115.46749877929688,289.151123046875,92.31793212890625
2019-12-18,67.3122787475586,145.64744567871094,66.95833587646484,89.20149993896484,115.35054016113281,289.1690979003906,92.13755035400391
2019-12-19,67.37964630126953,146.91168212890625,67.1827163696289,89.61399841308594,114.77395629882812,290.3544921875,92.23688507080078
2019-12-20,67.24008178710938,148.51565551757812,66.92416381835938,89.32499694824219,114.6820068359375,291.62750244140625,92.25334930419922
2019-12-23,68.33734130859375,148.51565551757812,66.89495849609375,89.6500015258789,114.64860534667969,292.0730285644531,92.18764495849609
2019-12-24,68.40230560302734,148.48733520507812,66.5878677368164,89.46050262451172,114.96611022949219,292.0821228027344,92.30262756347656
2019-12-26,69.75941467285156,149.70443725585938,67.48136138916016,93.4384994506836,116.18614959716797,293.63690185546875,92.38475799560547
2019-12-27,69.73294830322266,149.97808837890625,67.09356689453125,93.48999786376953,116.26972198486328,293.5641784667969,92.50797271728516
2019-12-30,70.1468276977539,148.68553161621094,66.35409545898438,92.34449768066406,115.84355926513672,291.94561767578125,92.50797271728516
2019-12-31,70.65936279296875,148.78927612304688,66.3382339477539,92.39199829101562,116.48696899414062,292.6548156738281,92.29439544677734
2020-01-02,72.27156829833984,151.5442657470703,67.78893280029297,94.90049743652344,117.89918518066406,295.39178466796875,92.54906463623047
2020-01-03,71.56890869140625,149.6572723388672,67.4343032836914,93.74849700927734,116.34335327148438,293.1549987792969,92.82006072998047
2020-01-06,72.13919830322266,150.0441131591797,69.2317123413086,95.14399719238281,116.2508316040039,294.2734375,92.74615478515625
2020-01-07,71.79991149902344,148.67604064941406,69.09798431396484,95.34300231933594,114.2745132446289,293.4459533691406,92.64762878417969
2020-01-08,72.95491027832031,151.04421997070312,69.58980560302734,94.59850311279297,115.16596984863281,295.0099182128906,92.54080963134766
2020-01-09,74.5045394897461,152.9311981201172,70.32034301757812,95.05249786376953,115.58648681640625,297.0102233886719,92.63937377929688
2020-01-10,74.67295837402344,152.22357177734375,70.7745361328125,94.15799713134766,114.43429565429688,296.1556091308594,92.79546356201172
2020-01-13,76.268310546875,154.053955078125,71.32281494140625,94.56500244140625,115.38462829589844,298.1923828125,92.7379150390625
2020-01-14,75.23844909667969,152.96893310546875,70.85526275634766,93.47200012207031,116.73021697998047,297.7375793457031,92.82006072998047
2020-01-15,74.91600799560547,153.9596405029297,71.28172302246094,93.10099792480469,114.98092651367188,298.4105224609375,92.95970153808594
2020-01-16,75.85445404052734,156.7806854248047,71.82453918457031,93.89700317382812,115.4266586303711,300.8928527832031,92.95970153808594
2020-01-17,76.69422912597656,157.65814208984375,73.27869415283203,93.23600006103516,116.22560119628906,301.82928466796875,92.85293579101562
2020-01-21,76.17448425292969,157.09202575683594,73.4139175415039,94.5999984741211,115.08186340332031,301.23828125,93.11574554443359
2020-01-22,76.44636535644531,156.3372344970703,73.494140625,94.37300109863281,114.94728088378906,301.2746276855469,93.16506195068359
2020-01-23,76.81453704833984,157.29957580566406,73.53475189208984,94.22899627685547,114.82958984375,301.6202392578125,93.2882080078125
2020-01-24,76.5931625366211,155.71450805664062,72.61750030517578,93.08200073242188,111.97860717773438,298.9378662109375,93.46071624755859
2020-01-27,74.34091186523438,153.11045837402344,70.91172790527344,91.41699981689453,111.03668212890625,294.1460266113281,93.74819946289062
2020-01-28,76.44395446777344,156.11077880859375,71.84138488769531,92.6624984741211,113.05504608154297,297.2284240722656,93.66606903076172
2020-01-29,78.04410552978516,158.54498291015625,72.14845275878906,92.9000015258789,112.8868637084961,296.9830322265625,93.87958526611328
2020-01-30,77.93101501464844,163.01719665527344,72.02710723876953,93.53399658203125,114.28290557861328,297.9468078613281,93.8878173828125
2020-01-31,74.4756851196289,160.6112518310547,70.9637222290039,100.43599700927734,111.31422424316406,292.5367126464844,94.16707611083984
2020-02-03,74.27113342285156,164.52670288085938,73.43124389648438,100.20999908447266,112.16361999511719,294.7098083496094,94.1365966796875
2020-02-04,76.72309875488281,169.9424591064453,71.58927917480469,102.4834976196289,113.7782974243164,299.20159912109375,93.82386016845703
2020-02-05,77.34871673583984,169.73486328125,71.6209716796875,101.99349975585938,115.71258544921875,302.6567687988281,93.68392181396484
2020-02-06,78.25347137451172,173.25408935546875,73.10287475585938,102.5114974975586,115.72940826416016,303.6752624511719,93.74152374267578
2020-02-07,77.18978881835938,173.49942016601562,73.2583999633789,103.96399688720703,115.35939025878906,302.0566711425781,94.01317596435547
2020-02-10,77.55638122558594,178.03765869140625,74.72196960449219,106.69550323486328,115.83881378173828,304.31158447265625,94.12018585205078
2020-02-11,77.08847045898438,174.0183563232422,74.79130554199219,107.54000091552734,116.05743408203125,304.83892822265625,94.00495910644531
2020-02-12,78.91915893554688,174.2730712890625,75.21576690673828,108.0,116.05743408203125,306.80291748046875,93.90618133544922
2020-02-13,78.35717010498047,173.32958984375,74.95624542236328,107.49349975585938,115.9565200805664,306.4756774902344,93.97196960449219
2020-02-14,78.37647247314453,174.87692260742188,75.2207260131836,106.74349975585938,115.60328674316406,306.9666442871094,94.07073974609375
2020-02-18,76.94133758544922,176.6506805419922,75.25589752197266,107.78350067138672,114.07267761230469,306.17559814453125,94.19420623779297
2020-02-19,78.05567932128906,177.18048095703125,75.52482604980469,108.51100158691406,115.62849426269531,307.6395263671875,94.16954803466797
2020-02-20,77.2549057006836,174.47471618652344,75.13453674316406,107.65499877929688,115.62849426269531,306.3756408691406,94.38352203369141
2020-02-21,75.50626373291016,168.9590606689453,73.47384643554688,104.79850006103516,114.21562957763672,303.22052001953125,94.57285308837891
2020-02-24,71.919677734375,161.67433166503906,70.3238296508789,100.4645004272461,111.14600372314453,293.16412353515625,94.87736511230469
2020-02-25,69.48358154296875,159.00643920898438,68.66262817382812,98.63700103759766,106.18413543701172,284.2806091308594,95.04201507568359
2020-02-26,70.58584594726562,160.9932098388672,68.86817169189453,98.97949981689453,106.50370788574219,283.2349853515625,94.94325256347656
2020-02-27,65.97178649902344,149.64979553222656,65.12776184082031,94.21499633789062,102.0716781616211,270.5143737792969,94.959716796875
2020-02-28,65.93318176269531,153.27325439453125,66.33130645751953,94.1875,97.64801025390625,269.3778991699219,95.65933227539062
2020-03-02,72.0716323852539,163.47189331054688,68.66262817382812,97.69750213623047,102.19780731201172,281.0436096191406,95.62551116943359
2020-03-03,69.78268432617188,155.63841247558594,66.25553894042969,95.44950103759766,98.36287689208984,272.99664306640625,96.27712249755859
2020-03-04,73.01952362060547,161.35267639160156,68.42886352539062,98.79149627685547,100.7933578491211,284.4715270996094,96.20287322998047
2020-03-05,70.65099334716797,157.30349731445312,65.11835479736328,96.20149993896484,95.84827423095703,275.0152282714844,96.49978637695312
2020-03-06,69.71273040771484,152.85694885253906,64.17631530761719,95.05449676513672,90.89482879638672,270.4688415527344,97.20909881591797
2020-03-09,64.19900512695312,142.49746704101562,60.216495513916016,90.03050231933594,78.58262634277344,249.34678649902344,97.08537292480469
2020-03-10,68.8227310180664,152.24200439453125,63.15751266479492,94.59100341796875,84.68827056884766,262.2491760253906,95.98841094970703
2020-03-11,66.4324722290039,145.3451385498047,59.974300384521484,91.04299926757812,80.70195007324219,249.4649658203125,94.61929321289062
2020-03-12,59.871952056884766,131.56088256835938,55.053627014160156,83.83049774169922,74.04969024658203,225.5968780517578,90.83351898193359
2020-03-13,67.04509735107422,150.2647247314453,60.14120864868164,89.25,87.38787841796875,244.8822784423828,92.26039123535156
2020-03-16,58.419960021972656,128.11715698242188,53.1442985534668,84.4574966430664,74.31037902832031,218.08633422851562,93.80271911621094
2020-03-17,60.98868942260742,138.66592407226562,55.37605667114258,90.39199829101562,78.85177612304688,229.86129760742188,91.37786102294922
2020-03-18,59.495689392089844,132.82859802246094,54.045223236083984,91.5,70.55113220214844,218.2227325439453,87.89727783203125
2020-03-19,59.039833068847656,135.0140380859375,55.0595703125,94.04650115966797,71.7369384765625,218.6864776611328,89.86023712158203
2020-03-20,55.291656494140625,129.9430694580078,52.90705108642578,92.30449676513672,70.22315216064453,209.2623748779297,90.75103759765625
2020-03-23,54.117027282714844,128.64695739746094,52.20969009399414,95.1415023803711,66.46389770507812,203.911865234375,92.90373229980469
2020-03-24,59.54634475708008,140.3404083251953,55.967933654785156,97.00499725341797,74.36927032470703,222.3869171142578,93.6707763671875
2020-03-25,59.218318939208984,138.99697875976562,54.561805725097656,94.29199981689453,77.14454650878906,225.7161865234375,94.62751770019531
2020-03-26,62.33456039428711,147.69137573242188,57.59791946411133,97.77449798583984,82.51851654052734,238.89569091796875,94.91620635986328
2020-03-27,59.753780364990234,141.62704467773438,54.9897346496582,95.00499725341797,76.63994598388672,231.77999877929688,95.32034301757812
2020-03-30,61.459022521972656,151.58921813964844,56.775245666503906,98.19750213623047,78.63310241699219,239.3072052001953,95.41107940673828
2020-03-31,61.333595275878906,149.2051239013672,57.549869537353516,97.48600006103516,75.71482849121094,235.740234375,95.15538024902344
2020-04-01,58.106407165527344,143.9071502685547,54.58557891845703,95.38500213623047,70.94640350341797,225.13082885742188,94.83219146728516
2020-04-02,59.07602310180664,146.8872528076172,55.325042724609375,95.94149780273438,73.59555053710938,230.3257598876953,94.97268676757812
2020-04-03,58.22699737548828,145.53433227539062,54.1200065612793,95.32949829101562,71.42022705078125,226.99659729003906,95.03884887695312
2020-04-06,63.306575775146484,156.35739135742188,58.601863861083984,99.87950134277344,76.01728057861328,242.2430877685547,95.50173187255859
2020-04-07,62.573341369628906,154.6733856201172,58.57065963745117,100.58000183105469,77.01996612548828,242.4900360107422,95.63397979736328
2020-04-08,64.17487335205078,156.22499084472656,59.78114318847656,102.1500015258789,80.13002014160156,250.63006591796875,95.72486877441406
2020-04-09,64.63799285888672,156.23446655273438,59.75984573364258,102.13800048828125,87.31875610351562,254.44406127929688,96.91515350341797
2020-04-13,65.90668487548828,156.58445739746094,59.95002746582031,108.44349670410156,83.43547058105469,252.12091064453125,96.4605712890625
2020-04-14,69.23516845703125,164.3328399658203,62.66520690917969,114.16600036621094,81.1496810913086,259.55670166015625,96.51016235351562
2020-04-15,68.60322570800781,162.61094665527344,62.272438049316406,115.38400268554688,77.14744567871094,254.04159545898438,96.90690612792969
2020-04-16,69.1483383178711,167.49270629882812,62.27886962890625,120.40950012207031,74.20735931396484,255.26708984375,97.03085327148438
2020-04-17,68.21009063720703,168.96859741210938,63.34721374511719,118.75,80.87776947021484,262.1632995605469,96.91515350341797
2020-04-20,66.79425811767578,165.6194610595703,62.46311950683594,119.68049621582031,77.92920684814453,257.54449462890625,96.77460479736328
2020-04-21,64.72962951660156,158.7698974609375,60.03671646118164,116.40599822998047,75.66889953613281,249.72462463378906,96.82423400878906
2020-04-22,66.59407806396484,164.16250610351562,62.327415466308594,118.17449951171875,75.91531372070312,255.26708984375,96.82423400878906
2020-04-23,66.33599853515625,162.17575073242188,62.95939636230469,119.97250366210938,75.95780944824219,255.2488250732422,97.05564117431641
2020-04-24,68.25109100341797,165.136962890625,63.22834396362305,120.51100158691406,77.0794677734375,258.8067626953125,97.00608062744141
2020-04-27,68.29931640625,164.6639404296875,62.94404602050781,118.80000305175781,80.40193176269531,262.53826904296875,96.55973052978516
2020-04-28,67.19222259521484,160.6526336669922,61.048583984375,115.7040023803711,80.97125244140625,261.3310546875,96.93997955322266
2020-04-29,69.399169921875,167.86167907714844,66.47643280029297,118.635498046875,83.15506744384766,268.17230224609375,97.00608062744141
2020-04-30,70.86323547363281,169.545654296875,66.70030975341797,123.69999694824219,81.37062072753906,265.6754150390625,96.79113006591797
2020-05-01,69.7223892211914,165.15594482421875,65.2451400756836,114.302001953125,79.23777770996094,258.6419982910156,96.79612731933594
2020-05-04,70.70887756347656,169.19558715820312,65.52151489257812,115.79949951171875,78.2945785522461,259.35546875,96.87895965576172
2020-05-05,71.77012634277344,171.01210021972656,66.81520080566406,115.88999938964844,78.17561340332031,261.7517395019531,96.804443359375
2020-05-06,72.51061248779297,172.6960906982422,66.63740539550781,117.56300354003906,76.70556640625,259.9774169921875,96.41514587402344
2020-05-07,73.2607192993164,173.69894409179688,67.81865692138672,118.38050079345703,77.50431060791016,263.1143798828125,96.71327972412109
2020-05-08,75.00444030761719,174.72071838378906,68.5645523071289,118.98049926757812,78.77042388916016,267.468017578125,96.45656585693359
2020-05-11,76.18466186523438,176.6696014404297,69.51799011230469,120.44999694824219,76.45066833496094,267.52288818359375,96.16669464111328
2020-05-12,75.31399536132812,172.6677703857422,68.11088562011719,117.84750366210938,73.95243072509766,262.1907653808594,96.41514587402344
2020-05-13,74.40464782714844,170.05657958984375,66.78102111816406,118.39600372314453,71.40323638916016,257.5536804199219,96.57251739501953
2020-05-14,74.86176300048828,170.7945098876953,67.2035140991211,119.44249725341797,74.36881256103516,260.6358947753906,96.87070465087891
2020-05-15,74.4191665649414,173.28268432617188,68.0058822631836,120.48899841308594,72.99222564697266,261.8340759277344,96.92866516113281
2020-05-18,76.17256164550781,174.9383087158203,68.6061782836914,121.31300354003906,76.85851287841797,269.8094177246094,96.78785705566406
2020-05-19,75.73240661621094,173.72735595703125,68.07225799560547,122.46649932861328,75.34598541259766,267.03814697265625,96.89552307128906
2020-05-20,77.20527648925781,176.1370391845703,69.79386138916016,124.89700317382812,77.60627746582031,271.5745544433594,97.14402008056641
2020-05-21,76.6296615600586,174.0214385986328,69.67449951171875,122.33699798583984,76.62060546875,269.6996154785156,97.21852111816406
2020-05-22,77.123046875,174.0972900390625,69.99593353271484,121.84400177001953,76.02578735351562,270.21185302734375,97.26821136474609
2020-05-26,76.60064697265625,172.2568359375,70.39860534667969,121.09300231933594,81.4216079711914,273.54095458984375,97.11087036132812
2020-05-27,76.93438720703125,172.48452758789062,70.34463500976562,120.51950073242188,86.13763427734375,277.6110534667969,97.25163269042969
2020-05-28,76.96826934814453,172.0955352783203,70.24359130859375,120.05500030517578,84.85453033447266,277.0989074707031,97.18541717529297
2020-05-29,76.8932876586914,173.85064697265625,71.0003890991211,122.11849975585938,82.68772888183594,278.33355712890625,97.44217681884766
2020-06-01,77.83887481689453,173.45213317871094,71.06724548339844,123.552001953125,83.78385925292969,279.45849609375,97.38741302490234
2020-06-02,78.19927978515625,175.42552185058594,71.43573760986328,123.62049865722656,84.06427764892578,281.7725524902344,97.47037506103516
2020-06-03,78.62974548339844,175.85244750976562,71.28417205810547,123.91999816894531,88.60185241699219,285.52239990234375,97.22975921630859
2020-06-04,77.95256805419922,173.53761291503906,70.04841613769531,123.02999877929688,90.44579315185547,284.7723693847656,96.93934631347656
2020-06-05,80.17274475097656,177.59808349609375,71.32231903076172,124.1500015258789,94.51602172851562,292.0708923339844,96.99742889404297
2020-06-08,80.64676666259766,178.6986083984375,71.71952819824219,126.2030029296875,96.40242004394531,295.6013488769531,97.10526275634766
2020-06-09,83.19343566894531,180.064697265625,71.91962432861328,130.04299926757812,93.92967987060547,293.39703369140625,97.22975921630859
2020-06-10,85.33380126953125,186.7436065673828,72.54468536376953,132.37249755859375,90.12288665771484,291.760009765625,97.62802124023438
2020-06-11,81.23689270019531,176.71575927734375,69.43426513671875,127.89800262451172,82.60272216796875,274.9403076171875,97.46206665039062
2020-06-12,81.93824005126953,178.11033630371094,69.98009490966797,127.2509994506836,84.86302947998047,278.23297119140625,97.56168365478516
2020-06-15,82.95158386230469,179.24884033203125,70.3674087524414,128.63400268554688,86.0356674194336,280.8304443359375,97.88526153564453
2020-06-16,85.14997100830078,183.64129638671875,71.64176940917969,130.7635040283203,86.72396850585938,286.2357177734375,97.69439697265625
2020-06-17,85.0314712524414,184.2769317626953,71.94241333007812,132.0489959716797,84.53164672851562,285.046875,97.61142730712891
2020-06-18,85.06534576416016,186.2502899169922,71.03010559082031,132.69900512695312,84.07278442382812,285.15655517578125,97.71098327636719
2020-06-19,84.57923889160156,185.14024353027344,70.56057739257812,133.75050354003906,83.1125717163086,283.5269470214844,97.74421691894531
2020-06-22,86.7921371459961,190.2823028564453,71.84930419921875,135.6909942626953,82.21186065673828,285.3458251953125,97.71927642822266
2020-06-23,88.64469146728516,191.5535430908203,72.509033203125,138.2205047607422,83.21455383300781,286.659423828125,97.70271301269531
2020-06-24,87.07994079589844,187.6923065185547,70.95976257324219,136.72000122070312,80.43589782714844,279.34710693359375,97.68611145019531
2020-06-25,88.23595428466797,190.06410217285156,71.37580871582031,137.72900390625,83.24003601074219,282.3419189453125,97.80231475830078
2020-06-26,85.52484130859375,186.259765625,67.4848403930664,134.64349365234375,78.67695617675781,275.6358947753906,97.91846466064453
2020-06-29,87.49591827392578,188.26150512695312,69.20001983642578,134.0189971923828,79.02535247802734,279.6869812011719,98.00140380859375
2020-06-30,88.2262954711914,193.0714874267578,70.23416137695312,137.9409942626953,79.92607116699219,283.2696228027344,98.08437347412109
2020-07-01,88.0594253540039,194.200439453125,71.4203872680664,143.93499755859375,79.24626922607422,285.25384521484375,98.13674163818359
2020-07-02,88.0594253540039,195.68040466308594,72.8037109375,144.51499938964844,79.50367736816406,286.8248291015625,98.25312042236328
2020-07-06,90.41503143310547,199.89266967773438,74.27571868896484,152.8520050048828,81.51143646240234,291.2525939941406,98.24481964111328
2020-07-07,90.13449096679688,197.56832885742188,73.7938003540039,150.00599670410156,79.21194458007812,288.24859619140625,98.39444732666016
2020-07-08,92.23372650146484,201.9134521484375,74.47135162353516,154.0554962158203,80.0528335571289,290.4533386230469,98.36122131347656
2020-07-09,92.6303482055664,203.32699584960938,75.21725463867188,159.13150024414062,78.31961822509766,288.7998046875,98.61895751953125
2020-07-10,92.79239654541016,202.71035766601562,76.22516632080078,160.0,82.60112762451172,291.7486572265625,98.50252532958984
2020-07-13,92.36430358886719,196.4489288330078,74.89879608154297,155.1999969482422,83.7851791381836,289.2223815917969,98.49422454833984
2020-07-14,93.89280700683594,197.66322326660156,75.32622528076172,154.1999969482422,84.26566314697266,292.97039794921875,98.65216064453125
2020-07-15,94.5385513305664,197.3690643310547,75.12910461425781,150.44349670410156,85.56985473632812,295.6620178222656,98.66046905517578
2020-07-16,93.37523651123047,193.46046447753906,75.03202819824219,149.9949951171875,85.81008911132812,294.688232421875,98.72698974609375
2020-07-17,93.18660736083984,192.47378540039062,75.12760925292969,148.09849548339844,84.22277069091797,295.5425720214844,98.82672119140625
2020-07-20,95.15040588378906,200.74652099609375,77.45497131347656,159.8419952392578,83.48487091064453,297.9309997558594,98.93482208251953
2020-07-21,93.8371810913086,198.04266357421875,77.06269836425781,156.9145050048828,85.2952880859375,298.5649719238281,98.99302673339844
2020-07-22,94.10079956054688,200.88882446289062,77.5049819946289,154.99549865722656,84.67752838134766,300.26434326171875,99.07616424560547
2020-07-23,89.81765747070312,192.15121459960938,75.12265014648438,149.32749938964844,84.92635345458984,296.6817626953125,99.19253540039062
2020-07-24,89.59516906738281,190.974853515625,74.6996841430664,150.44549560546875,84.32571411132812,294.7709045410156,99.15930938720703
2020-07-27,91.71859741210938,193.39402770996094,75.75067138671875,152.760498046875,83.14166259765625,296.9205322265625,99.09279632568359
2020-07-28,90.21187591552734,191.6578826904297,74.47383117675781,150.01649475097656,83.50203704833984,295.037353515625,99.15930938720703
2020-07-29,91.94109344482422,193.59323120117188,75.45746612548828,151.67649841308594,85.52694702148438,298.66595458984375,99.27565002441406
2020-07-30,93.0535888671875,193.4414825439453,76.19347381591797,152.593994140625,83.24462890625,297.6003723144531,99.3504638671875
2020-07-31,102.79524230957031,194.49452209472656,73.69623565673828,158.23399353027344,82.91856384277344,299.9519958496094,99.39203643798828
2020-08-03,105.38546752929688,205.43313598632812,73.4391860961914,155.59449768066406,82.45526123046875,302.0373229980469,99.43116760253906
2020-08-04,106.0892105102539,202.3498077392578,72.97064208984375,156.94149780273438,81.98333740234375,303.2040100097656,99.62272644042969
2020-08-05,106.47377014160156,202.01779174804688,73.25740814208984,160.25149536132812,83.40766143798828,305.087158203125,99.43116760253906
2020-08-06,110.18855285644531,205.25283813476562,74.53821563720703,161.25,83.43340301513672,307.1265563964844,99.57276153564453
2020-08-07,107.6833267211914,201.5813751220703,74.21231842041016,158.3730010986328,85.26954650878906,307.3470764160156,99.45615386962891
2020-08-10,109.24848937988281,197.56832885742188,74.13555145263672,157.4080047607422,86.35066223144531,308.26568603515625,99.36456298828125
2020-08-11,105.99945831298828,192.94813537597656,73.32921600341797,154.0334930419922,89.07910919189453,305.7210998535156,99.08978271484375
2020-08-12,109.52227020263672,198.46014404296875,74.6516342163086,158.11199951171875,88.32408142089844,309.9834899902344,98.88990020751953
2020-08-13,111.46053314208984,197.99526977539062,75.11771392822266,158.05099487304688,87.83501434326172,309.4231872558594,98.52350616455078
2020-08-14,111.36119842529297,198.18502807617188,74.5223617553711,157.4010009765625,87.86932373046875,309.4323425292969,98.431884765625
2020-08-17,111.07044219970703,199.49423217773438,75.09738159179688,159.12049865722656,85.55268859863281,310.41522216796875,98.56509399414062
2020-08-18,111.99597930908203,200.64218139648438,77.05577087402344,165.62449645996094,84.36005401611328,311.08587646484375,98.70668792724609
2020-08-19,112.13651275634766,199.42486572265625,76.50252532958984,163.0240020751953,84.55738830566406,309.79058837890625,98.55677795410156
2020-08-20,114.6247787475586,204.06576538085938,78.06961822509766,164.86849975585938,83.54493713378906,310.75518798828125,98.73164367675781
2020-08-21,120.53165435791016,202.58221435546875,78.03594207763672,164.23599243164062,83.50203704833984,311.8575134277344,98.83158111572266
2020-08-24,121.97328186035156,203.21939086914062,78.51042938232422,165.3730010986328,85.85298919677734,315.0176086425781,98.78995513916016
2020-08-25,120.97262573242188,205.86317443847656,79.53565216064453,167.32449340820312,86.23051452636719,316.1199951171875,98.58179473876953
2020-08-26,122.61775207519531,210.31382751464844,81.4316177368164,172.09249877929688,85.02071380615234,319.28924560546875,98.56509399414062
2020-08-27,121.15193176269531,215.47779846191406,80.6584701538086,170.0,87.8178482055664,319.98748779296875,98.22370147705078
2020-08-28,120.95564270019531,217.693603515625,81.1988296508789,170.08999633789062,88.17823791503906,322.05438232421875,98.35693359375
2020-08-31,125.0575180053711,214.47921752929688,80.70850372314453,172.54800415039062,85.96454620361328,320.8877258300781,98.57344818115234
2020-09-01,130.03890991210938,216.13397216796875,81.97396087646484,174.95599365234375,85.92163848876953,323.9100341796875,98.77780151367188
2020-09-02,127.34468078613281,220.2993621826172,85.06008911132812,176.57249450683594,87.21723937988281,328.59503173828125,98.97798919677734
2020-09-03,117.14936065673828,206.65249633789062,80.70750427246094,168.39999389648438,86.94267272949219,317.28662109375,99.00302886962891
2020-09-04,117.22691345214844,203.75196838378906,78.3152847290039,164.7310028076172,88.82173919677734,314.696044921875,98.51087188720703
2020-09-08,109.33811950683594,192.72988891601562,75.46192932128906,157.49200439453125,85.73287200927734,306.0977783203125,98.61933135986328
2020-09-09,113.69924926757812,200.9369659423828,76.63227844238281,163.4304962158203,86.5479736328125,312.14227294921875,98.61097717285156
2020-09-10,109.98744201660156,195.30703735351562,75.58328247070312,158.7554931640625,85.65564727783203,306.7223815917969,98.61933135986328
2020-09-11,108.5434341430664,194.03274536132812,75.07362365722656,155.81100463867188,86.71959686279297,306.87860107421875,98.73610687255859
2020-09-14,111.79972839355469,195.34507751464844,74.73038482666016,155.14849853515625,87.92081451416016,310.9205627441406,98.74445343017578
2020-09-15,111.97417449951172,198.54995727539062,76.03250122070312,157.80650329589844,85.18375396728516,312.4914855957031,98.75281524658203
2020-09-16,108.66941833496094,195.0027313232422,74.891845703125,153.90499877929688,85.54412078857422,311.25128173828125,98.70272064208984
2020-09-17,106.93466186523438,192.9676055908203,73.65115356445312,150.43649291992188,84.56598663330078,308.51373291015625,98.72772216796875
2020-09-18,103.54268646240234,190.57106018066406,71.87060546875,147.74549865722656,84.38578796386719,304.9619140625,98.61097717285156
2020-09-21,106.68268585205078,192.61572265625,70.83297729492188,148.02349853515625,81.77742004394531,301.5677490234375,98.627685546875
2020-09-22,108.35929870605469,197.25660705566406,72.30298614501953,156.44949340820312,80.88510131835938,304.6390686035156,98.70272064208984
2020-09-23,103.81404876708984,190.76124572753906,69.80524444580078,149.9929962158203,79.57232666015625,297.57415771484375,98.49418640136719
2020-09-24,104.88008880615234,193.23385620117188,70.472412109375,150.989501953125,79.50367736816406,298.36737060546875,98.50254058837891
2020-09-25,108.81478881835938,197.63697814941406,71.27477264404297,154.75650024414062,80.19866943359375,303.19110107421875,98.53590393066406
2020-09-28,111.4120864868164,199.17762756347656,72.24553680419922,158.70249938964844,82.50675201416016,308.2269287109375,98.61933135986328
2020-09-29,110.56893157958984,197.1044464111328,72.61006164550781,157.24400329589844,81.81173706054688,306.5483093261719,98.63601684570312
2020-09-30,112.23584747314453,200.02403259277344,72.58926391601562,157.43649291992188,82.60112762451172,308.8724670410156,98.47749328613281
2020-10-01,113.18561553955078,202.04965209960938,73.69375610351562,161.06300354003906,83.20174407958984,310.85540771484375,98.61288452148438
2020-10-02,109.5319595336914,196.0868682861328,72.09397888183594,156.25,83.99111938476562,307.904052734375,98.51261138916016
2020-10-05,112.90454864501953,200.0715789794922,73.44264221191406,159.9600067138672,85.76636505126953,313.3641052246094,98.19509124755859
2020-10-06,109.66764068603516,195.82057189941406,71.86712646484375,154.9980010986328,84.88306427001953,308.909423828125,98.27867126464844
2020-10-07,111.52838134765625,199.5484619140625,72.2693099975586,159.7845001220703,86.36388397216797,314.28643798828125,98.21180725097656
2020-10-08,111.4217758178711,200.26177978515625,73.47235870361328,159.52749633789062,88.13912963867188,317.07183837890625,98.33713531494141
2020-10-09,113.36004638671875,205.23548889160156,74.81063842773438,164.33250427246094,87.63687133789062,319.9033203125,98.36221313476562
2020-10-12,120.5607681274414,210.55160522460938,77.49210357666016,172.14649963378906,88.7106704711914,325.04974365234375,98.55438995361328
2020-10-13,117.36257934570312,211.94004821777344,77.61493682861328,172.18150329589844,87.27316284179688,322.928466796875,98.57945251464844
2020-10-14,117.4498062133789,210.03805541992188,77.43514251708984,168.1855010986328,86.78821563720703,320.8994140625,98.63794708251953
2020-10-15,116.98462677001953,208.8968505859375,77.0404052734375,166.9324951171875,88.08717346191406,320.5028381347656,98.55438995361328
2020-10-16,115.3467788696289,208.8968505859375,77.64614868164062,163.635498046875,87.90534210205078,320.30914306640625,98.50424194335938
2020-10-19,112.40059661865234,203.72341918945312,75.77643585205078,160.36050415039062,86.42450714111328,315.4393005371094,98.38729858398438
2020-10-20,113.88338470458984,204.13232421875,76.82296752929688,160.85049438476562,86.91812896728516,316.70294189453125,98.30374908447266
2020-10-21,113.26315307617188,204.27499389648438,78.55200958251953,159.2469940185547,86.05215454101562,316.1033935546875,98.18675231933594
2020-10-22,112.1777114868164,204.36058044433594,79.5757827758789,158.82000732421875,89.09172058105469,317.8373107910156,98.01126098632812
2020-10-23,111.48960876464844,205.63487243652344,80.87938690185547,160.22000122070312,89.8970718383789,318.9164123535156,98.15334320068359
2020-10-26,111.49933624267578,199.7863006591797,78.46782684326172,160.3520050048828,87.6715087890625,313.02288818359375,98.28700256347656
2020-10-27,113.00146484375,202.80091857910156,79.1904525756836,164.31649780273438,86.01750183105469,311.94378662109375,98.51261138916016
2020-10-28,107.76812744140625,192.74887084960938,74.82794952392578,158.13900756835938,83.60143280029297,301.28192138671875,98.37057495117188
2020-10-29,111.7609634399414,194.68890380859375,77.1102523803711,160.55050659179688,84.14697265625,304.343994140625,98.19509124755859
2020-10-30,105.50035095214844,192.5491180419922,80.04380798339844,151.8074951171875,84.90038299560547,301.171142578125,97.92771148681641
2020-11-02,105.41311645507812,192.41598510742188,80.45045471191406,150.2239990234375,86.81419372558594,304.5469055175781,98.10514831542969
2020-11-03,107.03158569335938,196.3151092529297,81.50740051269531,152.42050170898438,89.55068969726562,309.9239196777344,98.06329345703125
2020-11-04,111.40239715576172,205.78707885742188,86.46968078613281,162.05799865722656,86.81419372558594,316.8504943847656,98.71611022949219
2020-11-05,115.35647583007812,212.34896850585938,87.2943344116211,166.10000610351562,90.36469268798828,323.0299987792969,98.80818939208984
2020-11-06,115.2254409790039,212.75791931152344,87.15715026855469,165.56849670410156,89.1609878540039,322.9561462402344,98.59059906005859
2020-11-09,112.92460632324219,207.6890411376953,87.24082946777344,157.18699645996094,101.23272705078125,327.01434326171875,98.13028717041016
2020-11-10,112.58483123779297,200.67071533203125,86.06700897216797,151.75100708007812,100.90364074707031,326.53472900390625,97.97122192382812
2020-11-11,116.00205993652344,205.9392547607422,86.53804016113281,156.8695068359375,99.39684295654297,328.9604187011719,98.02981567382812
2020-11-12,115.73023986816406,204.8836212158203,86.31961822509766,155.51400756835938,98.17581176757812,325.7691345214844,98.43993377685547
2020-11-13,115.77877807617188,205.9011993408203,87.77774047851562,156.4405059814453,98.79065704345703,330.27935791015625,98.45669555664062
2020-11-16,116.78842163085938,206.58592224121094,87.86540985107422,156.55299377441406,101.5791015625,334.40203857421875,98.44825744628906
2020-11-17,115.90497589111328,203.95162963867188,87.2527084350586,156.7830047607422,100.548583984375,332.6035461425781,98.649169921875
2020-11-18,114.58470916748047,201.2628173828125,86.21162414550781,155.2729949951172,99.80384826660156,328.6007385253906,98.71611022949219
2020-11-19,115.17687225341797,202.54049682617188,87.09967803955078,155.8509979248047,100.07230377197266,329.984130859375,98.90022277832031
2020-11-20,113.9148178100586,200.60491943359375,86.00064086914062,154.97000122070312,99.2149887084961,327.7244873046875,99.00064849853516
2020-11-23,110.52668762207031,200.33790588378906,85.56379699707031,154.91949462890625,102.07270050048828,329.68896484375,98.97553253173828
2020-11-24,111.80815887451172,203.91348266601562,87.36367797851562,155.9029998779297,106.79229736328125,335.0015869140625,98.84165954589844
2020-11-25,112.64305877685547,203.92303466796875,87.37506103515625,159.2534942626953,105.67518615722656,334.485107421875,98.80818939208984
2020-11-27,113.18671417236328,205.21978759765625,88.50877380371094,159.76699829101562,104.97372436523438,335.4165344238281,98.97553253173828
2020-11-30,115.57492065429688,204.11375427246094,86.8931655883789,158.40199279785156,102.08137512207031,333.931640625,99.10947418212891
2020-12-01,119.13777923583984,206.1542205810547,88.92185974121094,161.00399780273438,103.69209289550781,337.5839538574219,98.79586791992188
2020-12-02,119.48728942871094,205.35330200195312,90.38838195800781,160.17649841308594,105.68382263183594,338.29412841796875,98.68694305419922
2020-12-03,119.35136413574219,204.27586364746094,90.2333755493164,159.3365020751953,104.99105834960938,338.2019348144531,98.85462188720703
2020-12-04,118.68148803710938,204.39027404785156,90.3284683227539,158.12899780273438,105.94363403320312,341.11639404296875,98.58632659912109
2020-12-07,120.13772583007812,204.32345581054688,89.99512481689453,157.89999389648438,105.54525756835938,340.4154968261719,98.7371826171875
2020-12-08,120.74932098388672,205.9635009765625,89.71282958984375,158.864501953125,105.64920806884766,341.41156005859375,98.74560546875
2020-12-09,118.22521209716797,201.9493865966797,88.05508422851562,155.2100067138672,104.82652282714844,338.3494873046875,98.60308074951172
2020-12-10,119.64259338378906,200.72886657714844,87.54939270019531,155.07449340820312,104.15105438232422,338.2388610839844,98.84617614746094
2020-12-11,118.83683013916016,203.3414306640625,87.9035415649414,155.8209991455078,103.53620147705078,337.8422546386719,98.95521545410156
2020-12-14,118.22521209716797,204.23770141601562,86.78716278076172,157.84849548339844,102.44509887695312,336.3297119140625,98.89652252197266
2020-12-15,124.14715576171875,204.17095947265625,87.22400665283203,158.25599670410156,104.19434356689453,340.8765563964844,98.95521545410156
2020-12-16,124.07919311523438,209.08143615722656,87.03133392333984,162.04800415039062,104.49744415283203,341.41156005859375,98.91328430175781
2020-12-17,124.94319915771484,209.21490478515625,86.20519256591797,161.8040008544922,103.63146209716797,343.3207092285156,98.90906524658203
2020-12-18,122.96277618408203,208.4235076904297,85.49742889404297,160.08250427246094,103.12052917480469,341.9499206542969,98.85874176025391
2020-12-21,124.48694610595703,212.2374725341797,85.9105224609375,160.3090057373047,106.99147033691406,340.727294921875,98.85874176025391
2020-12-22,128.03042602539062,213.52468872070312,85.20027160644531,160.3260040283203,105.36341857910156,340.1529541015625,99.00139617919922
2020-12-23,127.13728332519531,210.74053955078125,85.59698486328125,159.2635040283203,108.3077392578125,340.4586486816406,98.93428039550781
2020-12-24,128.11778259277344,212.39004516601562,85.89070129394531,158.63450622558594,107.83142852783203,341.783203125,99.02656555175781
2020-12-28,132.69998168945312,214.49725341796875,87.86192321777344,164.197998046875,108.54154968261719,344.71942138671875,99.04337310791016
2020-12-29,130.93313598632812,213.72494506835938,87.05957794189453,166.10000610351562,108.25577545166016,344.061767578125,99.06016540527344
2020-12-30,129.8167266845703,211.3697509765625,85.99421691894531,164.29249572753906,108.5588607788086,344.5527038574219,99.11890411376953
2020-12-31,128.81675720214844,212.07540893554688,86.80599212646484,162.84649658203125,110.0396957397461,346.30328369140625,99.19442749023438
2021-01-04,125.63249206542969,207.56536865234375,85.49297332763672,159.3314971923828,109.00052642822266,341.58868408203125,99.06852722167969
2021-01-05,127.18579864501953,207.76564025878906,86.18241882324219,160.92550659179688,109.59362030029297,343.9413757324219,98.96784973144531
2021-01-06,122.90453338623047,202.37840270996094,85.3320083618164,156.91900634765625,114.73970031738281,345.99761962890625,98.48107147216797
2021-01-07,127.09839630126953,208.13743591308594,87.88075256347656,158.10800170898438,118.50764465332031,351.1382141113281,98.38034057617188
2021-01-08,128.19544982910156,209.4055938720703,89.0441665649414,159.13499450683594,118.63849639892578,353.13897705078125,98.26282501220703
2021-01-11,125.21505737304688,207.3747100830078,86.98676300048828,155.7104949951172,120.4090805053711,350.758544921875,98.10337066650391
2021-01-12,125.04029083251953,204.93373107910156,86.05265045166016,156.04150390625,122.3017807006836,350.83258056640625,98.18730163574219
2021-01-13,127.0693130493164,206.2781219482422,86.53903198242188,158.29449462890625,122.4151840209961,351.7774353027344,98.49784088134766
2021-01-14,125.14710998535156,203.11257934570312,85.73020935058594,156.37350463867188,123.13037109375,350.5454406738281,98.30478668212891
2021-01-15,123.42875671386719,202.75978088378906,85.56678009033203,155.21249389648438,120.92369842529297,347.9890441894531,98.40550994873047
2021-01-19,124.09862518310547,206.37351989746094,88.3824691772461,156.03799438476562,120.40032958984375,350.7214660644531,98.53980255126953
2021-01-20,128.17601013183594,213.90609741210938,93.117431640625,163.16900634765625,118.59491729736328,355.5749816894531,98.54818725585938
2021-01-21,132.87472534179688,214.5067901611328,93.31948852539062,165.34950256347656,117.60054779052734,355.899169921875,98.40550994873047
2021-01-22,135.01052856445312,215.44122314453125,93.73603057861328,164.6114959716797,116.69344329833984,354.639404296875,98.40550994873047
2021-01-25,138.7481231689453,218.8546905517578,93.82122039794922,164.6999969482422,115.23684692382812,356.0379943847656,98.65731048583984
2021-01-26,138.9811248779297,221.52447509765625,94.49828338623047,166.30650329589844,114.765869140625,355.4823303222656,98.62373352050781
2021-01-27,137.9132843017578,222.06793212890625,90.08973693847656,161.62899780273438,111.52122497558594,346.7942199707031,98.63211059570312
2021-01-28,133.08834838867188,227.8175048828125,91.78659057617188,161.88099670410156,113.48371887207031,349.77667236328125,98.56500244140625
2021-01-29,128.10809326171875,221.1716766357422,90.50675964355469,160.30999755859375,112.22771453857422,342.7742614746094,98.45586395263672
2021-02-01,130.22442626953125,228.5040283203125,93.76130676269531,167.1439971923828,113.05631256103516,348.47991943359375,98.55002593994141
2021-02-02,131.0496368408203,228.37054443359375,95.05152893066406,169.0,116.53646087646484,353.4075622558594,98.39871978759766
2021-02-03,130.03028869628906,231.69825744628906,101.97364807128906,165.62649536132812,117.87093353271484,353.6854553222656,98.28102111816406
2021-02-04,133.3795166015625,230.7542724609375,101.71363067626953,166.5500030517578,120.5835189819336,357.7052307128906,98.23896789550781
2021-02-05,132.9663543701172,230.93544006347656,103.45703887939453,167.6074981689453,120.3480224609375,359.1131896972656,98.11287689208984
2021-02-08,133.11215209960938,231.19287109375,103.24356079101562,166.14700317382812,122.23200988769531,361.7066650390625,98.21376800537109
2021-02-09,132.23716735839844,232.4324188232422,102.7913589477539,165.25,121.74359130859375,361.4657897949219,98.25580596923828
2021-02-10,131.6343536376953,231.526611328125,103.34063720703125,164.32899475097656,121.8133316040039,361.30841064453125,98.34828186035156
2021-02-11,131.381591796875,233.11898803710938,103.45307159423828,163.10650634765625,121.47319793701172,361.8918762207031,98.23058319091797
2021-02-12,131.61489868164062,233.59564208984375,103.76412200927734,163.885498046875,123.20013427734375,363.6795654296875,98.00361633300781
2021-02-16,129.495361328125,232.36566162109375,104.54022979736328,163.44749450683594,126.16569519042969,363.3646240234375,97.54125213623047
2021-02-17,127.21054077148438,233.37864685058594,104.9324951171875,165.4320068359375,126.55819702148438,363.447998046875,97.73458862304688
2021-02-18,126.1119384765625,232.98684692382812,104.29801177978516,166.4114990234375,126.9855728149414,361.9011535644531,97.68414306640625
2021-02-19,126.26746368408203,230.29183959960938,103.45603942871094,162.4949951171875,129.10507202148438,361.2621154785156,97.38155364990234
2021-02-22,122.50480651855469,224.11805725097656,101.74481964111328,159.03700256347656,130.3174285888672,358.48333740234375,97.07891082763672
2021-02-23,122.36869812011719,222.93301391601562,102.0350570678711,159.72500610351562,131.3640899658203,358.9187316894531,97.10411834716797
2021-02-24,121.87285614013672,224.1562957763672,103.20838928222656,157.97650146484375,133.6754608154297,362.8738098144531,97.07045745849609
2021-02-25,117.63380432128906,218.84271240234375,99.8473892211914,152.85800170898438,131.86122131347656,354.1299743652344,96.17937469482422
2021-02-26,117.89631652832031,222.0824737548828,100.14256286621094,154.64649963378906,128.36367797851562,352.3052673339844,96.96121215820312
2021-03-01,124.24519348144531,226.4404296875,102.507568359375,157.3070068359375,131.2681427001953,360.84527587890625,96.91067504882812
2021-03-02,121.64923858642578,223.50645446777344,102.25101470947266,154.72650146484375,130.84075927734375,358.0295715332031,96.92753601074219
2021-03-03,118.67412567138672,217.47605895996094,99.62252807617188,150.25,133.37017822265625,353.28717041015625,96.57386779785156
2021-03-04,116.79764556884766,216.68284606933594,100.73792266845703,148.8784942626953,131.3204803466797,348.9153137207031,96.29598999023438
2021-03-05,118.0518569946289,221.33705139160156,103.86516571044922,150.0229949951172,131.62576293945312,355.3341064453125,96.22864532470703
2021-03-08,113.13223266601562,217.31362915039062,99.42886352539062,147.59750366210938,133.37017822265625,353.5650634765625,95.84968566894531
2021-03-09,117.73101806640625,223.42044067382812,101.0563735961914,153.1425018310547,132.42816162109375,358.613037109375,96.21174621582031
2021-03-10,116.65182495117188,222.12071228027344,100.84984588623047,152.8820037841797,135.30648803710938,360.84527587890625,96.37180328369141
2021-03-11,118.5768814086914,226.6219940185547,104.03701782226562,155.67950439453125,134.59999084472656,364.50396728515625,96.36334991455078
2021-03-12,117.67268371582031,225.30313110351562,101.5338363647461,154.47450256347656,136.19613647460938,364.9948425292969,95.81600952148438
2021-03-15,120.55059051513672,224.40476989746094,101.75374603271484,154.08399963378906,135.5157928466797,367.1714782714844,95.91705322265625
2021-03-16,122.08674621582031,227.1763153076172,103.21237182617188,154.59300231933594,133.89344787597656,366.7083740234375,95.88335418701172
2021-03-17,121.2992172241211,226.5359649658203,103.129638671875,156.7864990234375,135.27157592773438,367.95880126953125,95.87496948242188
2021-03-18,117.18656921386719,220.4960479736328,100.1143569946289,151.39950561523438,137.5044708251953,362.6051025390625,95.50445556640625
2021-03-19,116.66154479980469,220.14242553710938,100.3927001953125,153.7480010986328,135.3152313232422,361.9341735839844,95.58026123046875
2021-03-22,119.96723175048828,225.5325164794922,100.57744598388672,155.5435028076172,131.67807006835938,364.82427978515625,95.76548767089844
2021-03-23,119.14079284667969,227.05203247070312,101.10441589355469,156.875,130.3610076904297,361.9527893066406,96.00970458984375
2021-03-24,116.7587661743164,225.0260009765625,100.66857147216797,154.35350036621094,131.37278747558594,360.11279296875,96.1275634765625
2021-03-25,117.24488830566406,222.0442657470703,100.66510009765625,152.31300354003906,133.05616760253906,362.138671875,96.07705688476562
2021-03-26,117.84770202636719,226.00076293945312,100.28224182128906,152.60150146484375,135.27157592773438,367.9744873046875,95.91705322265625
2021-03-29,118.022705078125,224.8157501220703,101.3253173828125,153.7864990234375,133.16957092285156,367.78863525390625,95.75706481933594
2021-03-30,116.57402801513672,221.57598876953125,101.35900115966797,152.76449584960938,134.73953247070312,366.8128662109375,95.83286285400391
2021-03-31,118.76163482666016,225.32225036621094,102.15393829345703,154.70399475097656,132.77706909179688,368.29974365234375,95.84968566894531
2021-04-01,119.58802032470703,231.6106414794922,105.48523712158203,158.0500030517578,134.06793212890625,372.27703857421875,96.17185211181641
2021-04-05,122.4075927734375,238.0328826904297,109.90221405029297,161.3365020751953,134.77857971191406,377.620361328125,95.97789001464844
2021-04-06,122.70899963378906,236.87648010253906,109.42178344726562,161.1909942626953,133.8310546875,377.3973388671875,96.31519317626953
2021-04-07,124.35211181640625,238.82611083984375,110.89625549316406,163.96949768066406,135.9279022216797,377.8340148925781,96.16339874267578
2021-04-08,126.743896484375,242.0276641845703,111.46086883544922,164.96499633789062,136.09463500976562,379.6275634765625,96.39952087402344
2021-04-09,129.31065368652344,244.5124053955078,112.46333312988281,168.61000061035156,137.1123504638672,382.38751220703125,96.28990173339844
2021-04-12,127.59943389892578,244.56976318359375,111.17311096191406,168.96949768066406,136.82284545898438,382.5269470214844,96.26460266113281
2021-04-13,130.70095825195312,247.0354461669922,111.65897369384766,170.0,135.19093322753906,383.6606750488281,96.54290771484375
2021-04-14,128.36756896972656,244.26397705078125,111.03887939453125,166.64999389648438,132.66419982910156,382.3503112792969,96.46696472167969
2021-04-15,130.76904296875,248.00071716308594,113.1854476928711,168.95449829101562,133.5064239501953,386.457763671875,96.84648132324219
2021-04-16,130.43846130371094,249.18568420410156,113.06163787841797,169.9720001220703,134.4978790283203,387.7494201660156,96.59346771240234
2021-04-19,131.09962463378906,247.2743682861328,113.4088363647461,168.60049438476562,133.92758178710938,385.8444519042969,96.51763153076172
2021-04-20,129.41763305664062,246.81565856933594,112.87641143798828,166.7344970703125,130.96209716796875,383.0194396972656,96.66937255859375
2021-04-21,129.79678344726562,249.0327911376953,112.84371185302734,168.1009979248047,132.07635498046875,386.64361572265625,96.76216888427734
2021-04-22,128.28004455566406,245.77394104003906,111.56439208984375,165.45199584960938,129.29515075683594,383.1123352050781,96.78746032714844
2021-04-23,130.5940704345703,249.5775604248047,113.91253662109375,167.04400634765625,131.769287109375,387.2662048339844,96.77056121826172
2021-04-26,130.98294067382812,249.95986938476562,114.40782928466797,170.4499969482422,132.0939178466797,388.0747375488281,96.68628692626953
2021-04-27,130.66207885742188,250.36129760742188,113.46926879882812,170.8715057373047,132.69927978515625,387.9910583496094,96.45015716552734
2021-04-28,129.87451171875,243.27955627441406,116.8401870727539,172.9250030517578,133.55909729003906,387.8795166015625,96.50074005126953
2021-04-29,129.77734375,241.32046508789062,118.51029968261719,173.5655059814453,136.15602111816406,390.3514404296875,96.45015716552734
2021-04-30,127.81336212158203,241.00503540039062,116.5657958984375,173.37100219726562,134.94529724121094,387.78668212890625,96.55133819580078
2021-05-03,128.8634033203125,240.69924926757812,116.0497055053711,169.32449340820312,134.55050659179688,388.6228942871094,96.61296081542969
2021-05-04,124.30350494384766,236.80960083007812,114.25428771972656,165.593505859375,136.41049194335938,386.2254333496094,96.73123931884766
2021-05-05,124.54656982421875,235.54811096191406,114.64755249023438,163.52699279785156,138.20028686523438,386.34625244140625,96.80724334716797
2021-05-06,126.14106750488281,238.66363525390625,115.76591491699219,165.31849670410156,140.9814910888672,389.43145751953125,96.82413482666016
2021-05-07,126.81309509277344,241.2726593017578,116.48802947998047,164.58050537109375,141.46401977539062,392.2657165527344,96.79878234863281
2021-05-10,123.54074096679688,236.22662353515625,113.50740814208984,159.52450561523438,141.44644165039062,388.38134765625,96.64677429199219
2021-05-11,122.62525177001953,235.3187255859375,112.43311309814453,161.19549560546875,139.0951385498047,384.9151611328125,96.43560791015625
2021-05-12,119.56714630126953,228.40911865234375,108.97553253173828,157.5970001220703,138.13885498046875,376.7375793457031,96.09781646728516
2021-05-13,121.70979309082031,232.26052856445312,110.4014663696289,158.07350158691406,141.69212341308594,381.26318359375,96.31737518310547
2021-05-14,124.12506866455078,237.15362548828125,112.84519958496094,161.14500427246094,143.89425659179688,387.1175842285156,96.5369873046875
2021-05-17,122.97586059570312,234.3152313232422,113.36723327636719,163.51950073242188,144.47332763671875,386.13250732421875,96.45253753662109
2021-05-18,121.59290313720703,232.30833435058594,112.05719757080078,161.61399841308594,142.43792724609375,382.80572509765625,96.33428955078125
2021-05-19,121.43708801269531,232.88304138183594,112.50443267822266,161.58999633789062,141.3499298095703,381.8020935058594,96.19912719726562
2021-05-20,123.98872375488281,236.1015625,114.26023864746094,162.38400268554688,141.1043243408203,385.9094543457031,96.52853393554688
2021-05-21,122.15776062011719,234.8467254638672,113.62528991699219,160.1540069580078,142.7098388671875,385.5936279296875,96.57078552246094
2021-05-24,123.78422546386719,240.22055053710938,116.93924713134766,162.24949645996094,143.48191833496094,389.5243835449219,96.66368865966797
2021-05-25,123.58942413330078,241.12094116210938,117.02986907958984,162.95249938964844,141.99923706054688,388.6601257324219,96.900146484375
2021-05-26,123.54074096679688,240.9006805419922,117.89366149902344,163.25799560546875,141.98162841796875,389.43145751953125,96.86637878417969
2021-05-27,122.01170349121094,238.8124542236328,117.02047729492188,161.5054931640625,144.1925811767578,389.6358642578125,96.74813842773438
2021-05-28,121.3591537475586,239.16680908203125,116.73171997070312,161.15350341796875,144.09603881835938,390.3328857421875,96.74813842773438
2021-06-01,121.03778076171875,236.98284912109375,117.9367446899414,160.9324951171875,145.68406677246094,389.98907470703125,96.70330810546875
2021-06-02,121.79742431640625,236.88702392578125,117.41223907470703,161.69949340820312,145.69284057617188,390.602294921875,96.83019256591797
2021-06-03,120.31707000732422,235.36399841308594,116.27259063720703,159.35049438476562,145.789306640625,389.1527099609375,96.601806640625
2021-06-04,122.60578155517578,240.23011779785156,118.5504150390625,160.31100463867188,146.02621459960938,392.7117919921875,96.99933624267578
2021-06-07,122.61550903320312,243.12290954589844,118.98280334472656,159.90049743652344,145.34188842773438,392.3307800292969,96.93164825439453
2021-06-08,123.43360137939453,241.93516540527344,118.79161071777344,163.20550537109375,144.76287841796875,392.41436767578125,97.10929107666016
2021-06-09,123.81342315673828,242.91221618652344,119.26213836669922,164.0574951171875,142.95550537109375,391.82904052734375,97.3038330078125
2021-06-10,122.8200454711914,246.40853881835938,120.60882568359375,167.4824981689453,140.72702026367188,393.650390625,97.50685882568359
2021-06-11,124.0276870727539,247.03115844726562,120.36465454101562,167.3415069580078,140.63050842285156,394.3008728027344,97.46455383300781
2021-06-14,127.0760498046875,248.94691467285156,121.29132080078125,169.19349670410156,138.24412536621094,395.1836242675781,97.21926116943359
2021-06-15,126.25794982910156,247.48135375976562,120.2750015258789,169.156494140625,136.14727783203125,394.4588317871094,97.26154327392578
2021-06-16,126.7546157836914,246.54263305664062,119.63409423828125,170.7624969482422,137.10362243652344,392.2564392089844,96.94859313964844
2021-06-17,128.35183715820312,249.91444396972656,120.59595489501953,174.46200561523438,133.14671325683594,392.1263427734375,97.25308990478516
2021-06-18,127.05656433105469,248.50633239746094,118.97882843017578,174.34500122070312,129.77767944335938,386.8363952636719,97.51529693603516
2021-06-21,128.8485565185547,251.57156372070312,120.66429138183594,172.697998046875,131.97982788085938,392.3743591308594,97.26154327392578
2021-06-22,130.4846954345703,254.3302764892578,121.17742156982422,175.27200317382812,131.78683471679688,394.4720764160156,97.36301422119141
2021-06-23,130.21202087402344,254.10037231445312,120.975830078125,175.1909942626953,132.58518981933594,393.99658203125,97.31228637695312
2021-06-24,129.9296112060547,255.46063232421875,121.34532165527344,172.45399475097656,133.80470275878906,396.32733154296875,97.34611511230469
2021-06-25,129.63746643066406,253.86083984375,121.3537368774414,170.072998046875,135.15586853027344,397.7351379394531,97.15159606933594
2021-06-28,131.26385498046875,257.4051208496094,121.38099670410156,172.1945037841797,135.40150451660156,398.53692626953125,97.43072509765625
2021-06-29,132.77340698242188,259.9723205566406,121.11995697021484,172.40699768066406,135.2347869873047,398.7513427734375,97.48146820068359
2021-06-30,133.38699340820312,259.4932861328125,120.93869018554688,172.00799560546875,136.46311950683594,399.0870361328125,97.54916381835938
2021-07-01,133.68887329101562,260.1638488769531,121.29033660888672,171.64849853515625,137.81427001953125,401.29656982421875,97.49491882324219
2021-07-02,136.30873107910156,265.9591064453125,124.07682800292969,175.5489959716797,137.68186950683594,404.3639221191406,97.70665740966797
2021-07-06,138.31500244140625,265.96875,125.00053405761719,183.78700256347656,135.36993408203125,403.6274108886719,98.02000427246094
2021-07-07,140.79844665527344,268.14306640625,125.2818603515625,184.82899475097656,135.52877807617188,405.05377197265625,98.18940734863281
2021-07-08,139.50315856933594,265.73883056640625,123.86534118652344,186.57049560546875,133.19041442871094,401.75347900390625,98.299560546875
2021-07-09,141.32437133789062,266.2369384765625,124.33535766601562,185.9669952392578,137.4524383544922,406.04205322265625,97.97769927978516
2021-07-12,140.7303009033203,265.6429443359375,125.77864074707031,185.92750549316406,139.4202117919922,407.4964904785156,97.91840362548828
2021-07-13,141.84056091308594,269.14886474609375,126.14118194580078,183.8679962158203,137.34654235839844,406.10736083984375,97.70665740966797
2021-07-14,145.2589569091797,270.6145324707031,127.02824401855469,184.08399963378906,136.8788604736328,406.71331787109375,98.03694915771484
2021-07-15,144.6064453125,269.19677734375,125.80785369873047,181.55999755859375,137.1788787841797,405.32421875,98.24874877929688
2021-07-16,142.57095336914062,268.9286193847656,125.77318572998047,178.68150329589844,134.04632568359375,402.14501953125,98.16402435302734
2021-07-19,138.7337646484375,265.3460388183594,123.40372467041016,177.47950744628906,129.687255859375,396.2062072753906,98.68067169189453
2021-07-20,142.33718872070312,267.558837890625,125.01985168457031,178.6595001220703,132.10513305664062,401.8840026855469,98.58751678466797
2021-07-21,141.60678100585938,269.5512390136719,126.34672546386719,179.25999450683594,134.88465881347656,405.1377258300781,98.26564025878906
2021-07-22,142.97024536132812,274.09161376953125,127.21099090576172,181.90150451660156,133.1815948486328,405.98614501953125,98.49432373046875
2021-07-23,144.68435668945312,277.4729919433594,131.76119995117188,182.83200073242188,132.92572021484375,410.162841796875,98.42656707763672
2021-07-26,145.10311889648438,276.8790588378906,132.7716064453125,184.99099731445312,133.81687927246094,411.16986083984375,98.34189605712891
2021-07-27,142.94105529785156,274.47479248046875,130.65670776367188,181.3195037841797,133.6404266357422,409.2959289550781,98.57056427001953
2021-07-28,141.19775390625,274.1683044433594,134.81117248535156,181.51600646972656,133.86105346679688,409.1280212402344,98.66374206542969
2021-07-29,141.84056091308594,274.4364929199219,134.49766540527344,179.99600219726562,135.00819396972656,410.8248596191406,98.50279235839844
2021-07-30,142.05479431152344,272.9134826660156,133.45657348632812,166.37950134277344,133.93165588378906,408.8297424316406,98.63831329345703
2021-08-02,141.72369384765625,272.8272705078125,133.58338928222656,166.57400512695312,133.39337158203125,407.97198486328125,98.84780883789062
2021-08-03,143.5157012939453,275.0303649902344,134.35154724121094,168.31199645996094,134.91114807128906,411.291015625,98.88175201416016
2021-08-04,143.11634826660156,274.4460144042969,133.851806640625,167.73599243164062,133.4551239013672,409.2679443359375,98.87326812744141
2021-08-05,143.22349548339844,277.329345703125,134.9672088623047,168.79949951171875,135.1405487060547,411.8597106933594,98.65276336669922
2021-08-06,142.54075622558594,277.2717590332031,134.45901489257812,167.2469940185547,138.97903442382812,412.54034423828125,98.21170043945312
2021-08-09,142.49197387695312,276.1893615722656,135.62245178222656,167.093505859375,138.82899475097656,412.2047119140625,98.0335693359375
2021-08-10,142.0140380859375,274.3790283203125,135.5174560546875,166.03399658203125,140.53201293945312,412.7174072265625,97.90634155273438
2021-08-11,142.26763916015625,274.8675231933594,134.99444580078125,164.60549926757812,142.20860290527344,413.7430725097656,97.99964141845703
2021-08-12,145.2230224609375,277.60711669921875,135.90077209472656,165.1750030517578,142.76451110839844,414.9830322265625,98.00811767578125
2021-08-13,145.42784118652344,280.51904296875,136.4292755126953,164.69850158691406,141.1673583984375,415.73822021484375,98.36436462402344
2021-08-16,147.39810180664062,282.1954345703125,137.00579833984375,164.94949340820312,140.24087524414062,416.71710205078125,98.41526031494141
2021-08-17,146.49099731445312,280.73931884765625,135.37330627441406,162.09800720214844,138.546630859375,413.9854736328125,98.33889770507812
2021-08-18,142.75527954101562,279.02154541015625,134.17227172851562,160.06100463867188,137.2847900390625,409.4544677734375,98.34741973876953
2021-08-19,143.08694458007812,284.8182373046875,134.4010467529297,159.3874969482422,136.1376495361328,410.0883483886719,98.51703643798828
2021-08-20,144.54026794433594,292.10260009765625,136.13409423828125,159.99749755859375,136.52590942382812,413.3514709472656,98.52552032470703
2021-08-23,146.02279663085938,292.3808898925781,138.7214813232422,163.2935028076172,138.27308654785156,416.98748779296875,98.52552032470703
2021-08-24,145.93505859375,290.43267822265625,139.92999267578125,165.28900146484375,139.12896728515625,417.6494445800781,98.38136291503906
2021-08-25,144.70606994628906,289.84722900390625,140.73977661132812,164.95899963378906,141.99681091308594,418.5258483886719,98.19473266601562
2021-08-26,143.90625,287.04486083984375,140.10733032226562,165.8000030517578,142.72923278808594,416.0552062988281,98.20322418212891
2021-08-27,144.94015502929688,287.64947509765625,142.64659118652344,167.48150634765625,143.87637329101562,419.77508544921875,98.47461700439453
2021-08-30,149.3488006591797,291.3636169433594,143.22760009765625,171.07850646972656,141.57330322265625,421.6210632324219,98.58486938476562
2021-08-31,148.09059143066406,289.7225341796875,143.3335723876953,173.5395050048828,141.14088439941406,420.9964904785156,98.44071960449219
2021-09-01,148.75381469726562,289.67449951171875,143.8466796875,173.9499969482422,140.93795776367188,421.2201843261719,98.47212219238281
2021-09-02,149.86573791503906,289.0218200683594,141.93637084960938,173.156005859375,141.59092712402344,422.51611328125,98.57404327392578
2021-09-03,150.499755859375,289.0122985839844,142.38461303710938,173.90249633789062,140.7349853515625,422.41357421875,98.40415954589844
2021-09-07,152.8308868408203,288.0909423828125,142.92051696777344,175.46449279785156,140.48793029785156,420.9032287597656,98.14084625244141
2021-09-08,151.28981018066406,288.1196594238281,142.33657836914062,176.27499389648438,139.8614044189453,420.39044189453125,98.30223846435547
2021-09-09,150.27542114257812,285.27899169921875,142.18798828125,174.20799255371094,140.47027587890625,418.59112548828125,98.61653900146484
2021-09-10,145.30101013183594,283.8009338378906,139.54811096191406,173.45750427246094,138.85543823242188,415.29071044921875,98.42116546630859
2021-09-13,145.8667755126953,285.0293273925781,140.9908905029297,172.85850524902344,141.06149291992188,416.353515625,98.54856872558594
2021-09-14,144.47195434570312,287.7166442871094,141.2008819580078,172.5,138.59957885742188,414.10662841796875,98.76943206787109
2021-09-15,145.35955810546875,292.5440673828125,143.06813049316406,173.7895050048828,139.5614471435547,417.56549072265625,98.67600250244141
2021-09-16,145.1254425048828,292.9280090332031,142.25633239746094,174.41200256347656,139.49961853027344,416.9035949707031,98.506103515625
2021-09-17,142.46270751953125,287.7934265136719,139.47280883789062,173.12600708007812,139.13783264160156,412.8424377441406,98.42116546630859
2021-09-20,139.41958618164062,282.44775390625,137.4119415283203,167.7864990234375,134.9728546142578,405.9586181640625,98.60800933837891
2021-09-21,139.89747619628906,282.9275817871094,137.7224578857422,167.18150329589844,134.9905242919922,405.5752258300781,98.6505126953125
2021-09-22,142.2578887939453,286.5553283691406,138.96116638183594,169.00250244140625,137.57601928710938,409.5315246582031,98.68452453613281
2021-09-23,143.21377563476562,287.4958801269531,139.88487243652344,170.8000030517578,142.22625732421875,414.5074157714844,98.20034790039062
2021-09-24,143.301513671875,287.29443359375,140.87448120117188,171.2760009765625,143.8675537109375,415.1900634765625,98.03045654296875
2021-09-27,141.78970336914062,282.3230285644531,139.7422637939453,170.2899932861328,147.34420776367188,414.0022888183594,97.89453125
2021-09-28,138.4148712158203,272.1018371582031,134.54965209960938,165.79800415039062,146.55006408691406,405.6593933105469,97.48681640625
2021-09-29,139.312255859375,272.56256103515625,133.08706665039062,165.05599975585938,146.435302734375,406.3421936035156,97.55476379394531
2021-09-30,138.0150146484375,270.5663146972656,132.41595458984375,164.2519989013672,144.44110107421875,401.3757019042969,97.53778839111328
2021-10-01,139.13665771484375,277.4571533203125,135.25595092773438,164.16299438476562,147.47659301757812,406.1457214355469,97.83553314208984
2021-10-04,135.71315002441406,271.7083740234375,132.3996124267578,159.48899841308594,147.3177490234375,400.9080505371094,97.76748657226562
2021-10-05,137.63462829589844,277.1308288574219,134.74085998535156,161.0500030517578,149.7234649658203,405.0794982910156,97.53778839111328
2021-10-06,138.50271606445312,281.3055725097656,136.26832580566406,163.10049438476562,150.04302978515625,406.7630310058594,97.58030700683594
2021-10-07,139.76092529296875,282.9755859375,137.91268920898438,165.1215057373047,150.99290466308594,410.2797546386719,97.30807495117188
2021-10-08,139.38052368164062,282.9755859375,138.4678955078125,164.43099975585938,151.1083526611328,409.5315246582031,97.09539794921875
2021-10-11,139.292724609375,282.3805847167969,137.60458374023438,162.31500244140625,147.93028259277344,406.566650390625,96.94225311279297
2021-10-12,138.02476501464844,281.0849609375,135.16282653808594,162.3665008544922,146.79397583007812,405.56585693359375,97.29957580566406
2021-10-13,137.4395294189453,284.37677001953125,136.28517150878906,164.21400451660156,142.9235076904297,407.02490234375,97.52076721191406
2021-10-14,140.21937561035156,290.5574035644531,139.82049560546875,164.9929962158203,145.11618041992188,413.871337890625,97.70793151855469
2021-10-15,141.27273559570312,291.9585876464844,140.0354461669922,170.4510040283203,147.9036102294922,417.02337646484375,97.46971893310547
2021-10-18,142.9406280517578,294.91461181640625,141.43215942382812,172.33700561523438,147.8503875732422,418.25787353515625,97.40167999267578
2021-10-19,145.09619140625,295.8167419433594,141.88685607910156,172.20750427246094,149.6436004638672,421.4847106933594,97.12091064453125
2021-10-20,145.5838623046875,295.0298156738281,140.43270874023438,170.7530059814453,151.65875244140625,423.1402893066406,97.05287170410156
2021-10-21,145.79847717285156,298.24481201171875,140.54856872558594,171.75050354003906,150.46914672851562,424.2438049316406,96.84870147705078
2021-10-22,145.0279541015625,296.70928955078125,136.2698211669922,166.77749633789062,152.49314880371094,423.8042297363281,97.03581237792969
2021-10-25,144.9791717529297,295.72076416015625,136.1514434814453,166.01849365234375,151.7474822998047,426.0769958496094,97.12941741943359
2021-10-26,145.64244079589844,297.6209411621094,137.99537658691406,168.80349731445312,152.15579223632812,426.46051025390625,97.30807495117188
2021-10-27,145.18402099609375,310.15509033203125,144.83924865722656,169.62449645996094,148.98667907714844,424.5711669921875,97.63135528564453
2021-10-28,148.81239318847656,311.2875671386719,144.47422790527344,172.32850646972656,151.23260498046875,428.6678466796875,97.55479431152344
2021-10-29,146.110595703125,318.2647399902344,146.65052795410156,168.6215057373047,150.8153533935547,429.5376281738281,97.52926635742188
2021-11-01,145.29129028320312,316.10546875,142.1443634033203,165.90550231933594,150.73548889160156,430.2764892578125,97.46961975097656
2021-11-02,146.3251953125,319.71392822265625,144.0616455078125,165.6374969482422,151.3302459716797,432.0162048339844,97.66559600830078
2021-11-03,147.75900268554688,320.5489807128906,145.21615600585938,169.1999969482422,151.38352966308594,434.65374755859375,97.46961975097656
2021-11-04,147.24203491210938,322.890625,146.8699188232422,173.85000610351562,149.39503479003906,436.7019958496094,97.79341888427734
2021-11-05,147.76947021484375,322.52593994140625,147.4489288330078,175.94949340820312,149.18199157714844,438.21728515625,98.17682647705078
2021-11-08,146.948974609375,323.4184875488281,147.62623596191406,174.44900512695312,150.07855224609375,438.5913391113281,97.99790954589844
2021-11-09,147.31036376953125,322.42041015625,147.51478576660156,178.81149291992188,148.94227600097656,437.14166259765625,98.27056884765625
2021-11-10,144.48748779296875,317.477783203125,144.518310546875,174.1024932861328,148.80023193359375,433.6249084472656,97.60595703125
2021-11-11,144.43861389160156,319.0421142578125,144.3925018310547,173.625,148.79135131835938,433.7652282714844,97.427001953125
2021-11-12,146.50946044921875,323.1593933105469,147.27655029296875,176.25750732421875,148.12557983398438,437.03875732421875,97.40997314453125
2021-11-15,146.5192413330078,322.5355529785156,147.05270385742188,177.28399658203125,147.8592529296875,437.1883239746094,97.05210876464844
2021-11-16,147.49598693847656,325.8370361328125,146.48211669921875,177.03500366210938,146.79397583007812,438.91876220703125,97.01805877685547
2021-11-17,149.92823791503906,326.05816650390625,146.65151977539062,177.4499969482422,146.00390625,437.8524475097656,97.24806213378906
2021-11-18,154.20660400390625,328.1253356933594,148.42613220214844,184.80299377441406,144.7433319091797,439.339599609375,97.33332061767578
2021-11-19,156.8243865966797,329.8944091796875,147.522705078125,183.82850646972656,142.8524932861328,438.55401611328125,97.52074432373047
2021-11-22,157.28346252441406,326.7407531738281,144.9229736328125,178.6284942626953,145.8973846435547,437.3193664550781,97.05210876464844
2021-11-23,157.66444396972656,324.6736145019531,144.40786743164062,179.0019989013672,149.38613891601562,437.8992919921875,96.66868591308594
2021-11-24,158.18212890625,324.8947448730469,144.74266052246094,179.02049255371094,148.21434020996094,439.0683898925781,96.89020538330078
2021-11-26,153.17117309570312,316.9817810058594,140.84280395507812,175.22799682617188,143.74908447265625,429.27581787109375,97.58037567138672
2021-11-29,156.52162170410156,323.6640319824219,144.15872192382812,178.07850646972656,143.127685546875,434.54150390625,97.63151550292969
2021-11-30,161.46417236328125,317.856689453125,140.55999755859375,175.35350036621094,140.99717712402344,426.0863952636719,97.79341888427734
2021-12-01,160.94644165039062,317.3663635253906,139.7219696044922,172.18600463867188,140.1626739501953,421.3536682128906,97.81217956542969
2021-12-02,159.95986938476562,316.799072265625,141.618408203125,171.8679962158203,143.10989379882812,427.80731201171875,97.79514312744141
2021-12-03,158.08445739746094,310.5687255859375,140.6630096435547,169.489501953125,140.51779174804688,424.0848388671875,98.18765258789062
2021-12-06,161.48367309570312,313.626220703125,141.80563354492188,171.36849975585938,142.17782592773438,429.10736083984375,97.8463134765625
2021-12-07,167.20767211914062,322.0198669433594,145.88133239746094,176.1645050048828,144.31723022460938,437.9833984375,97.69272613525391
2021-12-08,171.01722717285156,322.06805419921875,146.78968811035156,176.1580047607422,142.6660614013672,439.1431579589844,97.43674468994141
2021-12-09,170.5092315673828,320.2699279785156,146.2468719482422,174.17100524902344,142.4441375732422,436.1783142089844,97.44528961181641
2021-12-10,175.28582763671875,329.3464050292969,146.60643005371094,172.21200561523438,141.8759765625,440.2841796875,97.47089385986328
2021-12-13,171.661865234375,326.3273620605469,144.4519500732422,169.5675048828125,140.18930053710938,436.3840637207031,97.81217956542969
2021-12-14,170.2845916748047,315.693359375,142.550537109375,169.0915069580078,141.26344299316406,433.38177490234375,97.62451171875
2021-12-15,175.13929748535156,321.76031494140625,145.06063842773438,173.31500244140625,140.20706176757812,440.1533203125,97.54766845703125
2021-12-16,168.26263427734375,312.3858337402344,143.0834197998047,168.87100219726562,142.39974975585938,436.2718811035156,97.68177032470703
2021-12-17,167.16864013671875,311.3281555175781,140.3890838623047,170.0175018310547,139.15956115722656,431.6286315917969,97.80137634277344
2021-12-20,165.8108367919922,307.5880126953125,140.27220153808594,167.07899475097656,136.6561737060547,427.0389709472656,97.65614318847656
2021-12-21,168.9757080078125,314.683837890625,142.1201171875,170.41700744628906,138.56478881835938,434.6227111816406,97.57926177978516
2021-12-22,171.56422424316406,320.3661804199219,145.03488159179688,171.03700256347656,139.10630798339844,438.9684143066406,97.6646728515625
2021-12-23,172.18934631347656,321.79876708984375,145.5316925048828,171.06849670410156,139.60340881347656,441.6996765136719,97.54512786865234
2021-12-27,176.14535522460938,329.2598876953125,146.5123291015625,169.66949462890625,140.40240478515625,447.95074462890625,97.59634399414062
2021-12-28,175.1295166015625,328.1061096191406,145.3043212890625,170.66099548339844,140.82852172851562,447.5846862792969,97.55364990234375
2021-12-29,175.21743774414062,328.7791442871094,145.2726287841797,169.2010040283203,140.75746154785156,448.1572265625,97.26323699951172
2021-12-30,174.0648193359375,326.2504577636719,144.82241821289062,168.64450073242188,140.68641662597656,446.9183044433594,97.47676849365234
2021-12-31,173.44944763183594,323.3659362792969,143.48663330078125,166.7169952392578,140.57106018066406,445.79193115234375,97.44258880615234
2022-01-03,177.78634643554688,321.8564758300781,143.62478637695312,170.4044952392578,143.544921875,448.373046875,96.77634429931641
2022-01-04,175.530029296875,316.3376159667969,143.0384063720703,167.52200317382812,148.98667907714844,448.2228698730469,96.76780700683594
2022-01-05,170.86093139648438,304.1939697265625,136.47633361816406,164.35699462890625,146.26284790039062,439.6160583496094,96.46886444091797
2022-01-06,168.00868225097656,301.7903137207031,136.44908142089844,163.25399780273438,147.8167724609375,439.2030334472656,96.36635589599609
2022-01-07,168.17474365234375,301.9442138671875,135.72547912597656,162.5540008544922,149.28135681152344,437.4667053222656,96.08448028564453
2022-01-10,168.19427490234375,302.165283203125,137.36239624023438,161.48599243164062,149.42428588867188,436.9222412109375,95.99906921386719
2022-01-11,171.01722717285156,302.8480224609375,138.41883850097656,165.36199951171875,149.5760955810547,440.90191650390625,96.17845916748047
2022-01-12,171.45677185058594,306.01116943359375,140.0973358154297,165.20700073242188,150.42449951171875,442.0938720703125,96.17845916748047
2022-01-13,168.19427490234375,293.06005859375,137.28070068359375,161.21400451660156,150.23690795898438,436.0024719238281,96.34929656982422
2022-01-14,169.0538330078125,298.2520446777344,138.165771484375,162.13800048828125,141.0028533935547,436.1807861328125,95.81116485595703
2022-01-18,165.8597412109375,290.9928894042969,134.7161102294922,158.91749572753906,135.0908966064453,428.4561767578125,95.23033142089844
2022-01-19,162.37258911132812,291.6466064453125,133.8428955078125,156.2989959716797,133.0011749267578,424.00738525390625,95.43534088134766
2022-01-20,160.69247436523438,289.9833068847656,132.05091857910156,151.66749572753906,131.86700439453125,419.3143005371094,95.48658752441406
2022-01-21,158.6411895751953,284.6278381347656,129.122802734375,142.64300537109375,129.56295776367188,411.0828857421875,95.86241149902344
2022-01-24,157.8695526123047,284.9547424316406,129.57106018066406,144.54400634765625,129.44686889648438,412.8287048339844,95.75135803222656
2022-01-25,156.072265625,277.3782043457031,125.73851013183594,139.98599243164062,130.8578643798828,407.7884521484375,95.65742492675781
2022-01-26,155.98434448242188,285.2815856933594,128.01486206054688,138.87249755859375,132.09921264648438,406.76544189453125,95.11930084228516
2022-01-27,155.52523803710938,288.2911376953125,127.78900146484375,139.6374969482422,129.76832580566406,404.7568054199219,95.43534088134766
2022-01-28,166.37744140625,296.38677978515625,132.0940399169922,143.97799682617188,130.92930603027344,414.8092041015625,95.503662109375
2022-01-31,170.72418212890625,299.00201416015625,134.0281219482422,149.57350158691406,132.7064666748047,422.2802734375,95.4951171875
2022-02-01,170.55809020996094,296.867431640625,136.3465576171875,151.19349670410156,134.9837188720703,425.13360595703125,95.46173095703125
2022-02-02,171.7595672607422,301.3865051269531,146.60496520996094,150.6125030517578,133.90313720703125,429.263427734375,95.56438446044922
2022-02-03,168.88778686523438,289.6468200683594,141.74122619628906,138.8455047607422,132.79574584960938,419.1735534667969,95.17948150634766
2022-02-04,168.60415649414062,294.1561279296875,141.94232177734375,157.63949584960938,136.24290466308594,421.1446228027344,94.58069610595703
2022-02-07,167.8901824951172,289.3583679199219,137.88893127441406,157.9355010986328,136.6983642578125,419.7930908203125,94.66623687744141
2022-02-08,170.99061584472656,292.8292541503906,138.0850372314453,161.4134979248047,139.2703399658203,423.2470397949219,94.37540435791016
2022-02-09,172.40870666503906,299.22314453125,140.25733947753906,161.1894989013672,139.850830078125,429.4417419433594,94.43527221679688
2022-02-10,168.34010314941406,290.733154296875,137.31336975097656,159.0034942626953,139.2703399658203,421.7265319824219,93.56279754638672
2022-02-11,164.9365234375,283.6760559082031,133.01675415039062,153.2935028076172,137.4574432373047,413.41064453125,94.17866516113281
2022-02-14,165.17127990722656,283.6375427246094,134.24853515625,155.16700744628906,136.18040466308594,412.0591125488281,93.63123321533203
2022-02-15,168.99539184570312,288.89678955078125,135.32083129882812,156.510498046875,138.17189025878906,418.70428466796875,93.47724151611328
2022-02-16,168.7606658935547,288.5596008300781,136.43966674804688,158.10049438476562,138.4219512939453,419.1735534667969,93.58844757080078
2022-02-17,165.17127990722656,280.11004638671875,131.28970336914062,154.65249633789062,135.23377990722656,410.21942138671875,93.78522491455078
2022-02-18,163.62596130371094,277.4122619628906,129.173828125,152.60150146484375,135.86785888671875,407.5632629394531,93.98194885253906
2022-02-22,160.71141052246094,277.2099304199219,128.58985900878906,150.19749450683594,135.62672424316406,403.1894836425781,93.8792724609375
2022-02-23,156.55474853515625,270.0320739746094,126.3853530883789,144.82699584960938,132.78683471679688,396.0373229980469,93.46016693115234
2022-02-24,159.1660919189453,283.8289794921875,131.44027709960938,151.35800170898438,129.0896453857422,401.9974670410156,93.63123321533203
2022-02-25,161.229736328125,286.44964599609375,133.19207763671875,153.7884979248047,132.1438751220703,410.8670349121094,93.72531127929688
2022-02-28,161.49380493164062,287.8756408691406,133.78396606445312,153.56300354003906,126.63373565673828,409.81585693359375,94.40107727050781
2022-03-01,159.61598205566406,284.1758117675781,132.79782104492188,151.14199829101562,121.85596466064453,403.5741882324219,94.93305969238281
2022-03-02,162.90220642089844,289.22442626953125,133.30303955078125,152.05250549316406,124.38329315185547,410.99847412109375,93.79373168945312
2022-03-03,162.57945251464844,285.11041259765625,132.63734436035156,147.89849853515625,123.49916076660156,408.952392578125,94.11066436767578
2022-03-04,159.5866241455078,279.2717590332031,130.66314697265625,145.64100646972656,120.02520751953125,405.6297302246094,94.48758697509766
2022-03-07,155.80162048339844,268.72174072265625,125.18726348876953,137.4530029296875,115.39031982421875,393.6720886230469,93.93934631347656
2022-03-08,153.98248291015625,265.7734375,125.90641021728516,136.01449584960938,114.57765197753906,390.6873779296875,93.60525512695312
2022-03-09,159.37147521972656,277.96142578125,132.16238403320312,139.2790069580078,119.16791534423828,401.16204833984375,93.40821838378906
2022-03-10,155.0387725830078,275.1576843261719,131.18121337890625,146.8175048828125,117.75688171386719,399.3505554199219,92.88567352294922
2022-03-11,151.3319854736328,269.83935546875,128.6463623046875,145.52450561523438,115.10456085205078,394.27276611328125,92.86855316162109
2022-03-14,147.31222534179688,266.3419494628906,124.76377868652344,141.85299682617188,116.24766540527344,391.391357421875,91.96903228759766
2022-03-15,151.68409729003906,276.6607971191406,127.98017120361328,147.3665008544922,118.31059265136719,399.9981994628906,92.17464447021484
2022-03-16,156.0852813720703,283.6363220214844,132.0242156982422,153.10400390625,123.59739685058594,408.86785888671875,92.24319458007812
2022-03-17,157.09263610839844,284.4359436035156,132.5774383544922,157.23899841308594,125.16023254394531,413.983154296875,92.39738464355469
2022-03-18,160.37884521484375,289.45562744140625,134.84239196777344,161.25050354003906,125.11559295654297,418.5174865722656,92.60298919677734
2022-03-21,161.7481231689453,288.2320251464844,134.81861877441406,161.4915008544922,124.71369934082031,418.39508056640625,91.69495391845703
2022-03-22,165.11256408691406,292.9530029296875,138.5496063232422,164.88900756835938,127.36605834960938,423.2908935546875,91.44651794433594
2022-03-23,166.47206115722656,288.54998779296875,136.9721221923828,163.4080047607422,124.82978057861328,417.8395690917969,91.82344818115234
2022-03-24,170.24728393554688,292.9916076660156,140.237548828125,163.64950561523438,125.64247131347656,424.13824462890625,91.61785125732422
2022-03-25,170.8830108642578,292.5869445800781,140.3375701904297,164.77349853515625,126.74090576171875,426.2095642089844,90.88970184326172
2022-03-28,171.74368286132812,299.3504943847656,140.1221466064453,168.99049377441406,125.80321502685547,429.2411804199219,91.1124267578125
2022-03-29,175.02992248535156,303.88848876953125,141.16224670410156,169.31500244140625,126.08004760742188,434.5512390136719,91.540771484375
2022-03-30,173.86602783203125,302.39501953125,140.6005859375,166.30099487304688,125.50851440429688,431.8680419921875,91.78915405273438
2022-03-31,170.7754364013672,297.04779052734375,137.75665283203125,162.99749755859375,121.73989868164062,425.220947265625,91.74632263183594
2022-04-01,170.4820098876953,298.1172790527344,138.82945251464844,163.55999755859375,120.8379135131836,426.4261779785156,91.58333587646484
2022-04-04,174.5212860107422,303.4644775390625,141.6238555908203,168.34649658203125,121.37373352050781,430.07916259765625,91.66053771972656
2022-04-05,171.21556091308594,299.5238952636719,139.2657928466797,164.05499267578125,119.96125030517578,424.64666748046875,90.7340087890625
2022-04-06,168.0564727783203,288.5596008300781,135.26089477539062,158.75599670410156,118.29686737060547,420.4004211425781,90.50234222412109
2022-04-07,168.35968017578125,290.3612976074219,134.60760498046875,157.7845001220703,117.93699645996094,422.5188903808594,90.30503082275391
2022-04-08,166.35467529296875,286.1220703125,132.03114318847656,154.4604949951172,120.09619140625,421.3890686035156,89.85030364990234
2022-04-11,162.1099853515625,274.8398132324219,127.60919189453125,151.1219940185547,119.6553726196289,414.1865234375,89.46424865722656
2022-04-12,163.97804260253906,271.7566833496094,126.51066589355469,150.78750610351562,118.34185791015625,412.6518859863281,89.74738311767578
2022-04-13,166.6578826904297,277.1136474609375,128.6696319580078,155.54100036621094,114.52727508544922,417.3782653808594,89.92751312255859
2022-04-14,161.66004943847656,269.608154296875,125.53544616699219,151.7064971923828,113.46566772460938,412.1810607910156,89.19831848144531
2022-04-18,161.44493103027344,270.2729797363281,126.4730224609375,152.78500366210938,115.57091522216797,412.35064697265625,88.92378997802734
2022-04-19,163.72377014160156,274.87835693359375,128.78355407714844,158.11549377441406,117.96398162841797,419.007080078125,88.38329315185547
2022-04-20,163.55746459960938,275.899658203125,126.83308410644531,153.9980010986328,118.37783813476562,418.6962890625,88.88947296142578
2022-04-21,162.76528930664062,270.55230712890625,123.63800811767578,148.29600524902344,117.4601821899414,412.4353332519531,88.40043640136719
2022-04-22,158.23692321777344,264.0199890136719,118.5078125,144.35000610351562,114.08643341064453,401.118408203125,88.31465911865234
2022-04-25,159.3030548095703,270.46563720703125,121.91390228271484,146.07400512695312,114.05045318603516,403.4439392089844,88.90660858154297
2022-04-26,153.3565216064453,260.34918212890625,117.5316162109375,139.39100646972656,110.67672729492188,391.75994873046875,89.18115997314453
2022-04-27,153.131591796875,272.87432861328125,113.2171630859375,138.16700744628906,109.23724365234375,392.8614501953125,88.82081604003906
2022-04-28,160.0463409423828,279.0501403808594,117.40531158447266,144.59649658203125,110.96460723876953,402.7848815917969,88.78651428222656
2022-04-29,154.18788146972656,267.382568359375,113.03388977050781,124.28150177001953,107.38394165039062,387.8998107910156,88.25457000732422
2022-05-02,154.49102783203125,274.07867431640625,115.48409271240234,124.5,108.36457824707031,390.23468017578125,87.77420043945312
2022-05-03,155.9776611328125,271.4869079589844,116.2280044555664,124.25350189208984,110.68571472167969,392.0235290527344,87.97185516357422
2022-05-04,162.37411499023438,279.38739013671875,121.10857391357422,125.92849731445312,114.34732818603516,403.9618225097656,88.5390625
2022-05-05,153.32717895507812,267.2186584472656,115.4073257446289,116.40699768066406,111.48640441894531,389.6038513183594,87.66242980957031
2022-05-06,154.05198669433594,264.6944885253906,114.65547943115234,114.77249908447266,111.30648040771484,387.2783508300781,87.29287719726562
2022-05-09,148.93911743164062,254.9151611328125,111.45047760009766,108.78900146484375,109.63311004638672,374.8787841796875,87.72257995605469
2022-05-10,151.33885192871094,259.65545654296875,113.31671142578125,108.85900115966797,106.96111297607422,375.744873046875,87.989013671875
2022-05-11,143.49327087402344,251.03240966796875,112.53169250488281,105.37200164794922,106.28633880615234,369.7757873535156,88.31560516357422
2022-05-12,139.63412475585938,246.02235412597656,111.78032684326172,106.93049621582031,106.1963882446289,369.3897399902344,88.47891998291016
2022-05-13,144.09072875976562,251.58154296875,114.95660400390625,113.05500030517578,107.14102935791016,378.22113037109375,88.10076141357422
2022-05-16,142.55294799804688,251.94772338867188,113.36624145507812,110.81050109863281,106.39431762695312,376.68646240234375,88.29842376708984
2022-05-17,146.1770477294922,257.0733642578125,115.37512969970703,115.36849975585938,109.92098999023438,384.4349670410156,87.81711578369141
2022-05-18,137.92982482910156,245.368896484375,110.84473419189453,107.11250305175781,108.04068756103516,368.9378662109375,88.16949462890625
2022-05-19,134.53109741210938,244.46116638183594,109.3435287475586,107.31900024414062,106.43929290771484,366.6781921386719,88.39297485351562
2022-05-20,134.76611328125,243.90103149414062,107.88143157958984,107.59100341796875,105.56661224365234,366.83831787109375,88.65939331054688
2022-05-23,140.1728057861328,251.71368408203125,110.43710327148438,107.55699920654297,112.09818267822266,373.7018737792969,88.36720275878906
2022-05-24,137.4792938232422,250.71900939941406,104.97112274169922,104.0999984741211,113.68159484863281,370.84906005859375,89.046142578125
2022-05-25,137.6360321044922,253.51951599121094,104.80767059326172,106.7750015258789,114.4732894897461,374.12548828125,89.41569519042969
2022-05-26,140.8290557861328,256.78369140625,106.77644348144531,111.07749938964844,116.45256042480469,381.6011047363281,89.34693908691406
2022-05-27,146.5688018798828,263.87200927734375,111.25780487060547,115.14649963378906,118.09895324707031,390.9690246582031,89.49302673339844
2022-05-31,145.78521728515625,262.5489501953125,112.68966674804688,120.20950317382812,118.96260833740234,388.7753601074219,88.92583465576172
2022-06-01,145.65789794921875,263.08013916015625,112.81846618652344,121.68399810791016,116.87540435791016,385.6307067871094,88.56074523925781
2022-06-02,148.10658264160156,265.1660461425781,116.51377868652344,125.51100158691406,118.75569915771484,392.97442626953125,88.67268371582031
2022-06-03,142.39625549316406,260.7624816894531,113.46131896972656,122.3499984741211,117.10031127929688,386.52520751953125,88.52633666992188
2022-06-06,143.14064025878906,259.5359802246094,115.71935272216797,124.79000091552734,116.71346282958984,387.7020263671875,87.98389434814453
2022-06-07,145.65789794921875,263.15740966796875,116.04524230957031,123.0,117.01936340332031,391.4209899902344,88.31964874267578
2022-06-08,144.9232940673828,261.1390380859375,116.08932495117188,121.18000030517578,115.15703582763672,387.1653137207031,87.95803833007812
2022-06-09,139.71249389648438,255.71173095703125,113.75305938720703,116.1500015258789,112.7369384765625,377.9573974609375,87.86335754394531
2022-06-10,134.31556701660156,244.3162841796875,110.11368560791016,109.6500015258789,107.55487823486328,366.9982604980469,87.18318176269531
2022-06-13,129.17333984375,233.95416259765625,105.3896484375,103.66999816894531,104.35208129882812,353.0640563964844,85.75393676757812
2022-06-14,130.0352325439453,236.1077423095703,105.7096176147461,102.30999755859375,102.61572265625,352.00018310546875,85.24599456787109
2022-06-15,132.65045166015625,243.12844848632812,108.72986602783203,107.66999816894531,103.83028411865234,357.01837158203125,86.19305419921875
2022-06-16,127.39066314697266,236.57125854492188,105.03402709960938,103.66000366210938,102.04891967773438,345.2024841308594,86.39965057373047
2022-06-17,128.85989379882812,239.15936279296875,106.1335678100586,106.22000122070312,101.6890640258789,345.9466552734375,86.39107513427734
2022-06-21,133.08139038085938,245.0405731201172,110.49259185791016,108.68000030517578,104.2081298828125,354.6554260253906,86.04668426513672
2022-06-22,132.57212829589844,244.45147705078125,110.43661499023438,108.94999694824219,103.62334442138672,354.0124206542969,86.77850341796875
2022-06-23,135.43215942382812,249.98500061035156,111.18399810791016,112.44000244140625,102.48976135253906,357.482666015625,87.14011383056641
2022-06-24,138.7525634765625,258.5219421386719,116.86296844482422,116.45999908447266,105.54864501953125,368.8484191894531,87.00238800048828
2022-06-27,138.7525634765625,255.80831909179688,114.74166870117188,113.22000122070312,104.70294952392578,367.43951416015625,86.61492156982422
2022-06-28,134.6192169189453,247.6866455078125,110.95171356201172,107.4000015258789,104.19913482666016,359.93170166015625,86.64935302734375
2022-06-29,136.3724822998047,251.3370361328125,110.64861297607422,108.91999816894531,103.73131561279297,359.6385803222656,87.14873504638672
2022-06-30,133.9139862060547,248.0246124267578,107.9359130859375,106.20999908447266,101.31121063232422,356.71673583984375,87.5447998046875
2022-07-01,136.07859802246094,250.68035888671875,107.7125473022461,109.55999755859375,102.60672760009766,360.48956298828125,88.27449798583984
2022-07-05,138.6546173095703,253.83827209472656,112.19537353515625,113.5,102.21646118164062,361.17034912109375,88.43841552734375
2022-07-06,139.9867401123047,257.0830383300781,113.4920425415039,114.33000183105469,101.55387878417969,362.3901062011719,87.84324645996094
2022-07-07,143.34632873535156,259.1979675292969,117.66334533691406,116.33000183105469,104.12244415283203,367.8177490234375,87.64487457275391
2022-07-08,144.02215576171875,258.4833068847656,118.22847747802734,115.54000091552734,103.79570007324219,367.5152587890625,87.31705474853516
2022-07-11,141.8966827392578,255.44131469726562,114.58612823486328,111.75,102.43428802490234,363.3168640136719,87.72245788574219
2022-07-12,142.8663787841797,244.97300720214844,112.94573211669922,109.22000122070312,102.53412628173828,360.1018981933594,87.84324645996094
2022-07-13,142.50401306152344,244.05555725097656,110.30388641357422,110.4000015258789,101.57203674316406,358.2107849121094,88.16240692138672
2022-07-14,145.42282104492188,245.368896484375,109.32717895507812,110.62999725341797,98.02323913574219,357.3407897949219,87.85186004638672
2022-07-15,147.08795166015625,247.91842651367188,110.72388458251953,113.55000305175781,102.51596069335938,364.1678771972656,88.19687652587891
2022-07-18,144.05154418945312,245.53309631347656,108.00228881835938,113.76000213623047,101.46311950683594,361.1609802246094,87.91223907470703
2022-07-19,147.90089416503906,250.63211059570312,112.73722839355469,118.20999908447266,103.97723388671875,370.91925048828125,87.79150390625
2022-07-20,149.89901733398438,253.27813720703125,112.82637786865234,122.7699966430664,103.95909881591797,373.28314208984375,87.73107147216797
2022-07-21,152.1615753173828,255.75997924804688,113.2622299194336,124.62999725341797,104.6670150756836,377.0843811035156,88.46427917480469
2022-07-22,150.927490234375,251.43359375,106.8829345703125,122.41999816894531,104.15875244140625,373.58575439453125,89.15434265136719
2022-07-25,149.8108367919922,249.9560546875,106.49661254882812,121.13999938964844,104.57625579833984,374.03961181640625,88.82653045654297
2022-07-26,148.4885711669922,243.26365661621094,104.03009033203125,114.80999755859375,102.94255065917969,369.6143493652344,88.80931091308594
2022-07-27,153.57205200195312,259.5262756347656,111.9942855834961,120.97000122070312,104.59441375732422,379.2119140625,89.11981201171875
2022-07-28,154.12054443359375,266.9333801269531,113.14337921142578,122.27999877929688,104.20413970947266,383.9681091308594,89.75812530517578
2022-07-29,159.17465209960938,271.1148986816406,115.22357177734375,134.9499969482422,104.70333099365234,389.56591796875,89.76673126220703
2022-08-01,158.1951904296875,268.478515625,113.77734375,135.38999938964844,103.65958404541016,388.4123229980469,90.07785797119141
2022-08-02,156.72596740722656,265.3977966308594,114.0447769165039,134.16000366210938,102.04401397705078,385.849853515625,89.15316009521484
2022-08-03,162.7203826904297,272.78558349609375,116.96697998046875,139.52000427246094,103.11500549316406,391.89202880859375,89.55069732666016
2022-08-04,162.40696716308594,273.9251708984375,117.07594299316406,142.57000732421875,101.98046875,391.62725830078125,89.76676177978516
2022-08-05,162.1813507080078,273.2104797363281,116.36273193359375,140.8000030517578,105.0663833618164,390.9653625488281,88.76425170898438
2022-08-08,161.71055603027344,270.7093200683594,116.1943359375,139.41000366210938,103.78663635253906,390.5114440917969,89.17044830322266
2022-08-09,161.75955200195312,272.6213684082031,115.5306396484375,137.8300018310547,104.72148895263672,388.960693359375,88.97167205810547
2022-08-10,165.99684143066406,279.24615478515625,118.57170104980469,142.69000244140625,107.45341491699219,397.1304626464844,89.19638061523438
2022-08-11,165.2611541748047,277.1795959472656,117.71981048583984,140.63999938964844,109.04177856445312,397.1304626464844,88.72103118896484
2022-08-12,168.80198669433594,281.90185546875,120.53304290771484,143.5500030517578,110.84793090820312,403.8534851074219,89.11859130859375
2022-08-15,169.87109375,283.408447265625,120.92927551269531,143.17999267578125,111.1474609375,405.5177001953125,89.23094940185547
2022-08-16,169.71414184570312,282.67449951171875,120.55284881591797,144.77999877929688,112.2093734741211,406.3119812011719,89.10130310058594
2022-08-17,171.20506286621094,281.9292907714844,118.42312622070312,142.10000610351562,111.26544952392578,403.4279479980469,88.57412719726562
2022-08-18,170.8126983642578,280.81640625,119.03727722167969,142.3000030517578,110.40321350097656,404.6005554199219,88.76425170898438
2022-08-19,168.23309326171875,276.9259338378906,116.10517120361328,138.22999572753906,107.67124938964844,399.1634216308594,88.14200592041016
2022-08-22,164.3588409423828,268.7967529296875,113.1631851196289,133.22000122070312,105.8923110961914,390.8518371582031,87.76177215576172
2022-08-23,164.0253143310547,267.5289306640625,112.7867660522461,133.6199951171875,104.84855651855469,389.9062805175781,87.72721099853516
2022-08-24,164.319580078125,266.89990234375,112.61836242675781,133.8000030517578,105.1026840209961,391.15447998046875,87.49383544921875
2022-08-25,166.77163696289062,269.8612976074219,115.55046081542969,137.27999877929688,107.59866333007812,396.6766357421875,87.97779083251953
2022-08-26,160.48446655273438,259.44805908203125,109.29993438720703,130.75,104.07707214355469,383.24945068359375,87.81361389160156
2022-08-29,158.2874298095703,256.6803283691406,108.38860321044922,129.7899932861328,103.82293701171875,380.7153015136719,87.39013671875
2022-08-30,155.86476135253906,254.49317932128906,107.91313171386719,128.72999572753906,103.84110260009766,376.535888671875,87.50250244140625
2022-08-31,154.20716857910156,253.0415496826172,107.19992065429688,126.7699966430664,103.22391510009766,373.6708984375,87.03580474853516
2022-09-01,154.93292236328125,252.0059814453125,108.70558166503906,127.81999969482422,103.9318618774414,374.8433532714844,86.65824127197266
2022-09-02,152.82415771484375,247.8059539794922,106.83340454101562,127.51000213623047,103.20575714111328,370.890869140625,86.90938568115234
2022-09-06,151.56869506835938,245.08648681640625,105.80320739746094,126.11000061035156,103.23298645019531,369.4914245605469,86.09535980224609
2022-09-07,152.97128295898438,249.77047729492188,108.4183349609375,129.47999572753906,105.19344329833984,376.1293029785156,86.69287872314453
2022-09-08,151.50003051757812,250.18658447265625,107.3583984375,129.82000732421875,107.64400482177734,378.5877990722656,86.41576385498047
2022-09-09,154.35426330566406,255.9351043701172,109.60700225830078,133.27000427246094,108.16136932373047,384.4692077636719,86.40711975097656
2022-09-12,160.29815673828125,258.0545349121094,109.81503295898438,136.4499969482422,109.44112396240234,388.60137939453125,86.2772216796875
2022-09-13,150.8919219970703,243.86709594726562,103.336669921875,126.81999969482422,105.63817596435547,371.7040710449219,85.79227447509766
2022-09-14,152.333740234375,244.08970642089844,104.01026916503906,128.5500030517578,105.39312744140625,373.1224365234375,85.90483093261719
2022-09-15,149.45004272460938,237.47018432617188,101.93997955322266,126.27999877929688,106.9814682006836,368.8863220214844,85.64503479003906
2022-09-16,147.81207275390625,236.85081481933594,101.83100128173828,123.52999877929688,106.26445770263672,366.07208251953125,85.58441925048828
2022-09-19,151.51963806152344,236.6378936767578,102.09847259521484,124.66000366210938,107.24468231201172,368.9109191894531,85.45454406738281
2022-09-20,153.8932647705078,234.63461303710938,100.18665313720703,122.19000244140625,105.12992095947266,364.6763610839844,85.07350158691406
2022-09-21,150.77418518066406,231.24745178222656,98.34418487548828,118.54000091552734,102.09846496582031,358.3150329589844,85.34195709228516
2022-09-22,149.81301879882812,233.2120361328125,99.19607543945312,117.30999755859375,100.93669891357422,355.3052062988281,84.43267822265625
2022-09-23,147.54727172851562,230.2506561279297,97.80928039550781,113.77999877929688,99.05791473388672,349.3520812988281,84.17288970947266
2022-09-26,147.88075256347656,229.7957763671875,97.2446517944336,115.1500015258789,96.92501068115234,345.89617919921875,83.09040069580078
2022-09-27,148.8517608642578,228.78932189941406,96.58096313476562,114.41000366210938,96.07183837890625,345.0131530761719,82.73538208007812
2022-09-28,146.96856689453125,233.29913330078125,99.10694122314453,118.01000213623047,98.01415252685547,351.8017272949219,84.0689697265625
2022-09-29,139.74961853027344,229.84417724609375,96.50171661376953,114.80000305175781,96.35320281982422,344.4529724121094,83.62732696533203
2022-09-30,135.55162048339844,225.39244079589844,94.74840545654297,113.0,94.84654998779297,339.1264953613281,83.42813110351562
2022-10-03,139.72019958496094,232.979736328125,97.710205078125,115.87999725341797,97.77818298339844,348.0798645019531,84.10597229003906
2022-10-04,143.30026245117188,240.8573760986328,100.68194580078125,121.08999633789062,102.35259246826172,358.8656921386719,84.33161163330078
2022-10-05,143.594482421875,241.16705322265625,100.47393035888672,120.94999694824219,101.08885955810547,358.0301513671875,83.88901519775391
2022-10-06,142.64308166503906,238.83470153808594,100.4640121459961,120.30000305175781,99.02845001220703,354.3368225097656,83.55921936035156
2022-10-07,137.40541076660156,226.68927001953125,97.74983978271484,114.55999755859375,97.05045318603516,344.4529724121094,83.1165771484375
2022-10-10,137.72909545898438,221.8601531982422,96.93756103515625,113.66999816894531,96.14385986328125,341.8229675292969,82.74338531494141
2022-10-11,136.31666564941406,218.14393615722656,96.26397705078125,112.20999908447266,93.36915588378906,339.6581726074219,82.79545593261719
2022-10-12,135.68898010253906,218.4729461669922,96.64039611816406,112.9000015258789,94.88011932373047,338.5378112792969,82.86491394042969
2022-10-13,140.24984741210938,226.68927001953125,98.12626647949219,112.52999877929688,100.1548080444336,347.4722900390625,82.60453796386719
2022-10-14,135.7281951904297,221.19236755371094,95.64981079101562,106.9000015258789,101.82145690917969,339.55377197265625,82.15326690673828
2022-10-17,139.68096923828125,229.87322998046875,99.02767944335938,113.79000091552734,106.09798431396484,348.2792053222656,82.3267822265625
2022-10-18,140.9952850341797,230.81199645996094,99.82013702392578,116.36000061035156,108.82689666748047,352.3714294433594,82.46566772460938
2022-10-19,141.10317993164062,228.85704040527344,98.69087982177734,115.06999969482422,106.69322204589844,349.8742980957031,81.75402069091797
2022-10-20,140.64215087890625,228.53773498535156,99.02767944335938,115.25,106.34523010253906,346.9405212402344,81.25932312011719
2022-10-21,144.44781494140625,234.31529235839844,100.17674255371094,119.31999969482422,111.9312744140625,355.3717346191406,81.38079071044922
2022-10-24,146.58604431152344,239.27992248535156,101.55364227294922,119.81999969482422,112.0686264038086,359.7201843261719,81.26799774169922
2022-10-25,149.420654296875,242.57997131347656,103.49517822265625,120.5999984741211,112.36166381835938,365.4644470214844,82.06643676757812
2022-10-26,146.4879608154297,223.86341857910156,94.03519439697266,115.66000366210938,113.6528549194336,362.7109375,82.43097686767578
2022-10-27,142.02513122558594,219.4407501220703,91.35074615478516,110.95999908447266,114.10157012939453,360.7741394042969,82.84754943847656
2022-10-28,152.75550842285156,228.2667236328125,95.38237762451172,103.41000366210938,115.45687866210938,369.3571472167969,82.63925170898438
2022-10-31,150.40151977539062,224.64730834960938,93.61915588378906,102.44000244140625,115.27374267578125,366.6892395019531,82.36152648925781
2022-11-01,147.76303100585938,220.81492614746094,89.61721801757812,96.79000091552734,117.35245513916016,365.0846252441406,82.51459503173828
2022-11-02,142.250732421875,213.005126953125,86.15020751953125,92.12000274658203,116.27188110351562,355.9223937988281,82.37544250488281
2022-11-03,136.21859741210938,207.3436737060547,82.64360046386719,89.30000305175781,116.48250579833984,352.2574157714844,82.07099914550781
2022-11-04,135.95335388183594,214.2534942626953,85.76390838623047,90.9800033569336,119.6692886352539,357.3275451660156,82.06230163574219
2022-11-07,136.48388671875,220.5246124267578,87.6558837890625,90.52999877929688,120.30113983154297,360.7456359863281,81.80133056640625
2022-11-08,137.05368041992188,221.4923553466797,88.0620346069336,89.9800033569336,120.37439727783203,362.6919860839844,82.14926910400391
2022-11-09,132.50486755371094,217.27293395996094,86.49691772460938,86.13999938964844,118.80848693847656,355.21978759765625,82.24497222900391
2022-11-10,144.29443359375,235.14755249023438,93.05451202392578,96.62999725341797,123.69857025146484,374.7406005859375,84.01077270507812
2022-11-11,147.07484436035156,239.1444091796875,95.50125122070312,100.79000091552734,123.9000244140625,378.36749267578125,83.94989013671875
2022-11-14,145.6797332763672,233.76365661621094,94.79793548583984,98.48999786376953,122.6271743774414,375.1488342285156,83.71501922607422
2022-11-15,147.40884399414062,234.17013549804688,97.5121078491211,98.94000244140625,121.73888397216797,378.3485107421875,84.33261108398438
2022-11-16,146.18077087402344,234.5971221923828,97.91822814941406,97.12000274658203,121.90371704101562,375.46221923828125,84.85455322265625
2022-11-17,148.0769500732422,234.548583984375,97.432861328125,94.8499984741211,121.37254333496094,374.3133239746094,84.49788665771484
2022-11-18,148.63699340820312,234.10215759277344,96.51163482666016,94.13999938964844,122.56300354003906,376.01287841796875,84.37611389160156
2022-11-21,145.41445922851562,234.90769958496094,94.6988754272461,92.45999908447266,121.83961486816406,374.64569091796875,84.32393646240234
2022-11-22,147.54640197753906,237.79974365234375,96.13520812988281,93.19999694824219,123.66191864013672,379.68719482421875,84.75885009765625
2022-11-23,148.42080688476562,240.2744903564453,97.53192901611328,94.12999725341797,124.98058319091797,382.07989501953125,85.26339721679688
2022-11-25,145.5127410888672,240.1871795654297,96.54132843017578,93.41000366210938,125.21868896484375,381.9944152832031,85.28075408935547
2022-11-28,141.69091796875,234.626220703125,95.14463806152344,93.94999694824219,123.03006744384766,375.8989562988281,85.14159393310547
2022-11-29,138.6944122314453,233.2384033203125,94.2927474975586,92.41999816894531,125.05387115478516,375.2533264160156,84.83712768554688
2022-11-30,145.43411254882812,247.61141967773438,100.0380630493164,96.54000091552734,126.53736114501953,387.0740051269531,85.49824523925781
2022-12-01,145.70921325683594,247.17469787597656,100.0380630493164,95.5,124.76081848144531,386.7891845703125,86.20967864990234
2022-12-02,145.2179718017578,247.49493408203125,99.49324798583984,94.12999725341797,123.77181243896484,386.3428955078125,86.56715393066406
2022-12-05,144.05868530273438,242.81719970703125,98.54229736328125,91.01000213623047,120.30113983154297,379.3929138183594,85.88710021972656
2022-12-06,140.40390014648438,237.88705444335938,96.06585693359375,88.25,120.50260925292969,373.924072265625,86.13992309570312
2022-12-07,138.4684600830078,237.1592254638672,94.04509735107422,88.45999908447266,120.42020416259766,373.28790283203125,86.90713500976562
2022-12-08,140.1484375,240.09979248046875,92.82669067382812,90.3499984741211,121.6839370727539,376.21221923828125,86.64560699462891
2022-12-09,139.6670379638672,238.17825317382812,91.95498657226562,89.08999633789062,121.02461242675781,373.4018249511719,86.13121795654297
2022-12-12,141.9561767578125,245.05899047851562,92.43045043945312,90.55000305175781,122.90186309814453,378.78521728515625,86.14865112304688
2022-12-13,142.91900634765625,249.33892822265625,94.72859191894531,92.48999786376953,122.7828140258789,381.6526184082031,86.72408294677734
2022-12-14,140.69862365722656,249.63003540039062,94.17387390136719,91.58000183105469,122.16926574707031,379.21258544921875,86.91587829589844
2022-12-15,134.10629272460938,241.6622772216797,90.0035629272461,88.44999694824219,119.1381607055664,369.9363098144531,87.04346466064453
2022-12-16,132.15118408203125,237.4697723388672,89.40921783447266,87.86000061035156,118.39641571044922,365.5688171386719,86.81626129150391
2022-12-19,130.04872131347656,233.35488891601562,87.60636901855469,84.91999816894531,119.10155487060547,362.4689025878906,86.28322601318359
2022-12-20,129.9799346923828,234.66502380371094,88.18089294433594,85.19000244140625,119.67845916748047,362.96484375,85.69775390625
2022-12-21,133.07469177246094,237.2174530029297,88.73562622070312,86.7699966430664,121.02461242675781,368.3921203613281,85.93368530273438
2022-12-22,129.91116333007812,231.16160583496094,86.93278503417969,83.79000091552734,119.65095520019531,363.13653564453125,85.90748596191406
2022-12-23,129.5476837158203,231.6856231689453,88.388916015625,85.25,120.21875,365.2254333496094,85.61032867431641
2022-12-27,127.74977111816406,229.9678497314453,86.5662612915039,83.04000091552734,120.63998413085938,363.78521728515625,84.98992156982422
2022-12-28,123.8297348022461,227.60955810546875,85.20916748046875,81.81999969482422,121.29932403564453,359.26409912109375,84.84136199951172
2022-12-29,127.33715057373047,233.89837646484375,87.61627197265625,84.18000030517578,121.99529266357422,365.7309875488281,85.15596771240234
2022-12-30,127.65150451660156,232.74351501464844,87.39833068847656,84.0,122.80116271972656,364.7676086425781,84.75399017333984
2023-01-03,122.8767318725586,232.5105438232422,88.27996063232422,85.81999969482422,123.73518371582031,363.23193359375,85.25209045410156
2023-01-04,124.14411926269531,222.3397674560547,87.24977111816406,85.13999938964844,124.88904571533203,366.0362243652344,85.72395324707031
2023-01-05,122.82759857177734,215.75018310546875,85.3874740600586,83.12000274658203,124.86132049560547,361.8585205078125,85.65404510498047
2023-01-06,127.346923828125,218.29283142089844,86.51673126220703,86.08000183105469,127.25061798095703,370.15667724609375,86.58902740478516
2023-01-09,127.86766052246094,220.418212890625,87.19032287597656,87.36000061035156,126.72481536865234,369.94683837890625,86.80752563476562
2023-01-10,128.43746948242188,222.09719848632812,87.5865478515625,89.87000274658203,127.8594970703125,372.54119873046875,86.47547912597656
2023-01-11,131.1490936279297,228.81297302246094,90.65731811523438,95.08999633789062,128.80967712402344,377.2530212402344,87.00849914550781
2023-01-12,131.0704803466797,231.4721221923828,90.27101135253906,95.2699966430664,128.68052673339844,378.6265563964844,87.63768005371094
2023-01-13,132.39682006835938,232.1708984375,91.2516860961914,98.12000274658203,131.92776489257812,380.0954284667969,87.31431579589844
2023-01-17,133.55613708496094,233.2578582763672,90.42951202392578,96.05000305175781,129.88900756835938,379.3992004394531,87.15705871582031
2023-01-18,132.83889770507812,228.851806640625,90.2611083984375,95.45999908447266,125.98681640625,373.4091796875,88.02215576171875
2023-01-19,132.89788818359375,225.0862579345703,92.17292022705078,93.68000030517578,124.307861328125,370.6908874511719,87.82118225097656
2023-01-20,135.4522705078125,233.13168334960938,97.0960464477539,97.25,124.61226654052734,377.5964660644531,87.46292114257812
2023-01-23,138.63546752929688,235.42202758789062,98.8493881225586,97.5199966430664,126.632568359375,382.1270751953125,87.24445343017578
2023-01-24,140.03054809570312,234.89794921875,96.7790756225586,96.31999969482422,127.72109985351562,381.7168884277344,87.62893676757812
2023-01-25,139.37228393554688,233.51019287109375,94.32245635986328,97.18000030517578,128.3391876220703,381.8599853515625,87.73378753662109
2023-01-26,141.43548583984375,240.6820831298828,96.60076904296875,99.22000122070312,129.13255310058594,386.0568542480469,87.58525085449219
2023-01-27,143.3709259033203,240.83737182617188,98.433349609375,102.23999786376953,129.4462432861328,386.9438171386719,87.45416259765625
2023-01-30,140.49232482910156,235.54815673828125,96.0262451171875,100.55000305175781,128.3484344482422,382.0888977050781,87.21820831298828
2023-01-31,141.7596893310547,240.49766540527344,97.90833282470703,103.12999725341797,129.1140899658203,387.7068786621094,87.57652282714844
2023-02-01,142.8797149658203,245.2919464111328,99.48336029052734,105.1500015258789,128.77276611328125,391.8273620605469,88.19406890869141
2023-02-02,148.17520141601562,256.7923278808594,106.72444152832031,112.91000366210938,128.1731719970703,397.5311584472656,88.29041290283203
2023-02-03,151.7906494140625,250.7266845703125,103.79232788085938,103.38999938964844,130.1565399169922,393.3058166503906,87.44072723388672
2023-02-06,149.0692138671875,249.1932830810547,101.93006896972656,102.18000030517578,130.9222412109375,390.9021301269531,86.95894622802734
2023-02-07,151.93801879882812,259.6649169921875,106.6253890991211,102.11000061035156,132.51815795898438,396.01458740234375,86.81000518798828
2023-02-08,149.2559051513672,258.85943603515625,98.433349609375,100.05000305175781,131.58644104003906,391.6842956542969,86.93262481689453
2023-02-09,148.22427368164062,255.84120178222656,94.11444854736328,98.23999786376953,129.5384521484375,388.2886962890625,86.59101104736328
2023-02-10,148.58840942382812,255.33651733398438,93.67858123779297,97.61000061035156,130.11038208007812,389.1948547363281,86.21434783935547
2023-02-13,151.3828125,263.3139953613281,93.71820068359375,99.54000091552734,131.5218963623047,393.7636413574219,86.47714233398438
2023-02-14,150.7432403564453,264.13897705078125,93.78754425048828,99.69999694824219,132.10302734375,393.5824279785156,86.17057037353516
2023-02-15,152.83908081054688,262.0276794433594,96.0262451171875,101.16000366210938,132.6565399169922,394.8605041503906,86.00413513183594
2023-02-16,151.24508666992188,255.0518035888672,94.60973358154297,98.1500015258789,130.82998657226562,389.4237365722656,85.64492797851562
2023-02-17,150.1036376953125,251.0725555419922,93.46065521240234,97.19999694824219,131.21742248535156,388.4508972167969,85.84644317626953
2023-02-21,146.09893798828125,245.82850646972656,90.92478942871094,94.58000183105469,128.80967712402344,380.65814208984375,85.04052734375
2023-02-22,146.52206420898438,244.6999053955078,90.78610229492188,95.79000091552734,127.82259368896484,380.13360595703125,85.268310546875
2023-02-23,147.00416564941406,247.87164306640625,90.03326416015625,95.81999969482422,128.84657287597656,382.1556396484375,85.57489013671875
2023-02-24,144.35733032226562,242.47190856933594,88.28984832763672,93.5,130.00892639160156,378.0733337402344,85.08432006835938
2023-02-27,145.5479278564453,243.38645935058594,89.02288055419922,93.76000213623047,131.1436309814453,379.3609924316406,85.25078582763672
2023-02-28,145.04611206054688,242.66648864746094,89.21109008789062,94.2300033569336,132.2414093017578,377.95892333984375,85.24198913574219
2023-03-01,142.97976684570312,239.60179138183594,89.50827026367188,92.16999816894531,131.50338745117188,376.50909423828125,84.75380706787109
2023-03-02,143.57015991210938,244.31072998046875,91.13282012939453,92.12999725341797,130.1381072998047,379.43731689453125,84.57818603515625
2023-03-03,148.60801696777344,248.37753295898438,92.76725769042969,94.9000015258789,132.52737426757812,385.52264404296875,85.24549865722656
2023-03-06,151.36314392089844,249.91476440429688,94.2332992553711,93.75,131.7524871826172,385.7897644042969,85.03477478027344
2023-03-07,149.1688995361328,247.26840209960938,92.97528839111328,93.55000305175781,127.8779296875,379.8760986328125,84.92063140869141
2023-03-08,150.4185333251953,246.8306121826172,93.36160278320312,93.91999816894531,127.12146759033203,380.4960632324219,84.83280181884766
2023-03-09,148.17510986328125,245.4879608154297,91.44979858398438,92.25,120.23958587646484,373.4759521484375,85.14015960693359
2023-03-10,146.11862182617188,241.8589324951172,89.77571868896484,90.7300033569336,123.29310607910156,368.0868835449219,86.13238525390625
2023-03-13,148.05702209472656,247.04464721679688,90.25120544433594,92.43000030517578,121.07908630371094,367.56231689453125,86.81730651855469
2023-03-14,150.14303588867188,253.72865295410156,93.0842514038086,94.87999725341797,124.18791961669922,373.63812255859375,86.30801391601562
2023-03-15,150.5366668701172,258.25274658203125,95.20407104492188,96.19999694824219,118.32077026367188,371.30126953125,87.16854858398438
2023-03-16,153.35076904296875,268.7213439941406,99.37437438964844,100.04000091552734,120.61781311035156,377.8158264160156,86.82608795166016
2023-03-17,152.514404296875,271.8638610839844,100.6621322631836,98.94999694824219,116.06063842773438,373.39813232421875,87.37049865722656
2023-03-20,154.8759002685547,264.8589172363281,100.26590728759766,97.70999908447266,117.28755950927734,376.9885559082031,87.01927185058594
2023-03-21,156.7257537841797,266.3669128417969,103.93101501464844,100.61000061035156,120.43331909179688,381.9385681152344,86.75583648681641
2023-03-22,155.2990264892578,264.9172058105469,102.39563751220703,98.69999694824219,117.324462890625,375.4278869628906,87.59004211425781
2023-03-23,156.38136291503906,270.1418762207031,104.60460662841797,98.70999908447266,117.01081085205078,376.44281005859375,87.80078887939453
2023-03-24,157.68019104003906,272.9730529785156,104.44612884521484,98.12999725341797,115.23036193847656,378.91302490234375,87.95008087158203
2023-03-27,155.74179077148438,268.8964538574219,101.49421691894531,98.04000091552734,118.53295135498047,379.6216125488281,87.00171661376953
2023-03-28,155.1219024658203,267.7776184082031,100.07769012451172,97.23999786376953,118.89271545410156,378.76947021484375,86.86998748779297
2023-03-29,158.19186401367188,272.9146728515625,100.43429565429688,100.25,119.13258361816406,384.2747497558594,86.97534942626953
2023-03-30,159.75637817382812,276.3587951660156,99.93901062011719,102.0,118.77278900146484,386.52490234375,87.07196807861328
2023-03-31,162.2556610107422,280.4937744140625,102.75223541259766,103.29000091552734,120.2119140625,391.97271728515625,87.49343872070312
2023-04-03,163.5052490234375,279.4527282714844,103.37630462646484,102.41000366210938,120.07353973388672,393.4664001464844,87.87372589111328
2023-04-04,162.97393798828125,279.404052734375,103.73291015625,103.94999694824219,118.46836853027344,391.2834167480469,88.19947052001953
2023-04-05,161.13389587402344,276.64093017578125,103.48526763916016,101.0999984741211,118.64501190185547,390.2589111328125,88.49874877929688
2023-04-06,162.0194854736328,283.7044372558594,107.39803314208984,102.05999755859375,118.5148696899414,391.78125,88.41954040527344
2023-04-10,159.43165588378906,281.5542297363281,105.43669891357422,102.16999816894531,118.90534210205078,392.18341064453125,87.81211853027344
2023-04-11,158.22137451171875,275.1719055175781,104.35696411132812,99.91999816894531,119.49111938476562,392.2887268066406,87.86492156982422
2023-04-12,157.53260803222656,275.8139953613281,103.6536636352539,97.83000183105469,119.47249603271484,390.68975830078125,87.97060394287109
2023-04-13,162.90504455566406,281.9920654296875,106.4173583984375,102.4000015258789,119.92808532714844,395.87921142578125,87.93534851074219
2023-04-14,162.56063842773438,278.39227294921875,107.84378051757812,102.51000213623047,128.98382568359375,394.912109375,87.50400543212891
2023-04-17,162.58035278320312,280.980224609375,104.97112274169922,102.73999786376953,130.0065460205078,396.3291931152344,87.0638427734375
2023-04-18,163.8004608154297,280.5618896484375,103.51498413085938,102.30000305175781,131.4662322998047,396.5877380371094,87.18708801269531
2023-04-19,164.94187927246094,280.6396484375,103.19799041748047,104.30000305175781,131.2989044189453,396.52069091796875,87.05503082275391
2023-04-20,163.97756958007812,278.363037109375,104.29752349853516,103.80999755859375,130.91766357421875,394.3568420410156,87.45120239257812
2023-04-21,162.37371826171875,278.02252197265625,104.4164047241211,106.95999908447266,130.66665649414062,394.6632385253906,87.30155944824219
2023-04-24,162.67874145507812,274.1405944824219,104.97112274169922,106.20999908447266,130.8433074951172,395.074951171875,87.64484405517578
2023-04-25,161.14373779296875,267.9624938964844,102.87110137939453,102.56999969482422,127.99829864501953,388.8035583496094,88.19065093994141
2023-04-26,161.13389587402344,287.3722839355469,102.73243713378906,104.9800033569336,125.72972106933594,387.1567687988281,87.86492156982422
2023-04-27,165.70933532714844,296.576171875,106.57584381103516,109.81999969482422,127.42182922363281,394.8642578125,87.54801940917969
2023-04-28,166.958984375,298.9403991699219,106.32820129394531,105.44999694824219,128.5282440185547,398.2344970703125,87.99699401855469
2023-05-01,166.87039184570312,297.286376953125,106.18952178955078,102.05000305175781,131.28030395507812,397.8324279785156,87.09593200683594
2023-05-02,165.8372344970703,297.1405334472656,104.32725524902344,103.62999725341797,129.1604461669922,393.36102294921875,87.94317626953125
2023-05-03,164.76470947265625,296.1578369140625,104.4164047241211,103.6500015258789,126.4270248413086,390.66107177734375,88.33146667480469
2023-05-04,163.13136291503906,297.1405334472656,103.70319366455078,104.0,124.69763946533203,387.89398193359375,88.22556304931641
2023-05-05,170.78663635253906,302.238525390625,104.57491302490234,105.66000366210938,127.13361358642578,395.074951171875,87.94317626953125
2023-05-08,170.71771240234375,300.2926330566406,106.754150390625,105.83000183105469,127.44041442871094,395.18023681640625,87.457763671875
2023-05-09,169.01547241210938,298.6874084472656,106.3381118774414,106.62000274658203,126.8267822265625,393.4472351074219,87.37834930419922
2023-05-10,170.77674865722656,303.85357666015625,110.69664001464844,110.19000244140625,126.89185333251953,395.2855224609375,87.94317626953125
2023-05-11,170.96372985839844,301.7132263183594,115.47120666503906,112.18000030517578,126.49211883544922,394.5962219238281,88.20790863037109
2023-05-12,170.03750610351562,300.6041259765625,116.40235137939453,110.26000213623047,124.67910766601562,394.0791931152344,87.71369171142578
2023-05-15,169.5448760986328,301.0808410644531,115.41178131103516,111.19999694824219,125.72972106933594,395.4387512207031,87.49307250976562
2023-05-16,169.5448760986328,303.2990417480469,118.38349151611328,113.4000015258789,124.88362884521484,392.7961730957031,87.29008483886719
2023-05-17,170.15576171875,306.1656799316406,119.70095825195312,115.5,128.7234649658203,397.5643615722656,87.15772247314453
2023-05-18,172.48110961914062,310.57293701171875,121.6722183227539,118.1500015258789,129.69973754882812,401.3941650390625,86.75175476074219
2023-05-19,172.58950805664062,310.3974304199219,121.60286712646484,116.25,129.40220642089844,400.81011962890625,86.55760192871094
2023-05-22,171.64361572265625,313.1665954589844,123.87129211425781,115.01000213623047,128.33297729492188,400.9728698730469,86.47816467285156
2023-05-23,169.04232788085938,307.3943176269531,121.40474700927734,114.98999786376953,126.99413299560547,396.4728088378906,86.57524108886719
2023-05-24,169.31820678710938,306.01947021484375,119.7603988647461,116.75,125.83194732666016,393.6004638671875,86.35462951660156
2023-05-25,170.45135498046875,317.7882995605469,122.31608581542969,115.0,126.1387710571289,397.0089416503906,86.03691101074219
2023-05-26,172.8555450439453,324.5843811035156,123.43543243408203,120.11000061035156,127.319580078125,402.1505126953125,86.10751342773438
2023-05-30,174.6980743408203,322.9463806152344,122.50428771972656,121.66000366210938,127.80304718017578,402.30364990234375,86.68115234375
2023-05-31,174.6488037109375,320.1966857910156,121.71183776855469,120.58000183105469,126.17598724365234,400.0728454589844,86.98999786376953
2023-06-01,177.44715881347656,324.2821044921875,122.55381774902344,122.7699966430664,127.91459655761719,403.87396240234375,87.25371551513672
2023-06-02,178.2945098876953,327.0317687988281,123.49486541748047,124.25,130.6016082763672,409.7144470214844,86.79360198974609
2023-06-05,176.94459533691406,327.5583190917969,124.82222747802734,125.30000305175781,129.31851196289062,408.9292907714844,86.78473663330078
2023-06-06,176.58009338378906,325.35467529296875,126.10997772216797,126.61000061035156,129.55096435546875,409.8196716308594,86.89091491699219
2023-06-07,175.2104949951172,315.3116760253906,121.34532165527344,121.2300033569336,130.80609130859375,408.4027099609375,86.43082427978516
2023-06-08,177.9201202392578,317.1447448730469,120.98870849609375,124.25,130.8433074951172,410.8729553222656,86.89091491699219
2023-06-09,178.3043975830078,318.6365966796875,121.07786560058594,123.43000030517578,131.1036376953125,411.6101989746094,86.68740081787109
2023-06-12,181.0928497314453,323.5703430175781,122.47456359863281,126.56999969482422,131.09434509277344,415.34423828125,86.83782196044922
2023-06-13,180.6199188232422,325.9494934082031,122.66278076171875,126.66000366210938,132.04269409179688,418.0825500488281,86.43082427978516
2023-06-14,181.25048828125,328.92333984375,122.50428771972656,126.41999816894531,131.54994201660156,418.5804748535156,86.51044464111328
2023-06-15,183.28025817871094,339.4148864746094,123.91090393066406,127.11000061035156,133.0375213623047,423.7698669433594,87.11213684082031
2023-06-16,182.20626831054688,333.788818359375,122.36561584472656,125.48999786376953,133.19557189941406,422.3264465332031,86.83782196044922
2023-06-20,182.29495239257812,329.61566162109375,121.93964385986328,125.77999877929688,132.516845703125,420.1353454589844,86.99710845947266
2023-06-21,181.26036071777344,325.2376708984375,119.41368865966797,124.83000183105469,132.3216094970703,417.9826965332031,87.13868713378906
2023-06-22,184.25575256347656,331.23419189453125,121.98918914794922,130.14999389648438,129.77410888671875,419.4914245605469,86.68740081787109
2023-06-23,183.94044494628906,326.66119384765625,121.18682098388672,129.3300018310547,129.09536743164062,416.320068359375,86.94399261474609
2023-06-26,182.55113220214844,320.40142822265625,117.22451782226562,127.33000183105469,129.41148376464844,414.619140625,87.05019378662109
2023-06-27,185.30018615722656,326.2225341796875,117.2146224975586,129.17999267578125,129.42079162597656,419.1647644042969,86.88206481933594
2023-06-28,186.47271728515625,327.4705505371094,119.04717254638672,129.0399932861328,128.85365295410156,419.37615966796875,87.13868713378906
2023-06-29,186.8077392578125,326.6904602050781,117.97736358642578,127.9000015258789,133.35360717773438,421.0290222167969,86.4661865234375
2023-06-30,191.1234588623047,332.0435791015625,118.57170104980469,130.36000061035156,135.222412109375,425.9975280761719,86.66972351074219
2023-07-03,189.6356201171875,329.55718994140625,118.76982879638672,130.22000122070312,136.31021118164062,426.4875793457031,86.56770324707031
2023-07-05,188.52220153808594,329.7131652832031,120.6023941040039,130.3800048828125,135.40216064453125,425.8533020019531,86.17735290527344
2023-07-06,188.99514770507812,332.75531005859375,118.97783660888672,128.36000061035156,134.06350708007812,422.5186462402344,85.61845397949219
2023-07-07,187.88172912597656,328.80633544921875,118.3537826538086,129.77999877929688,135.12135314941406,421.451904296875,85.63619232177734
2023-07-10,185.84213256835938,323.5508117675781,115.35233306884766,127.12999725341797,135.87954711914062,422.5186462402344,85.87570953369141
2023-07-11,185.31988525390625,324.1748352050781,116.03585052490234,128.77999877929688,138.00460815429688,425.20947265625,86.06201934814453
2023-07-12,186.98509216308594,328.7868957519531,117.80896759033203,130.8000030517578,138.68798828125,428.63067626953125,86.76288604736328
2023-07-13,187.7437744140625,334.11065673828125,123.36607360839844,134.3000030517578,139.3620147705078,432.0325927734375,87.30402374267578
2023-07-14,187.89157104492188,336.6262512207031,124.23778533935547,134.67999267578125,140.2045440673828,431.7635803222656,86.88709259033203
2023-07-17,191.14315795898438,337.1040344238281,123.47505187988281,133.55999755859375,143.58396911621094,433.2627258300781,86.98466491699219
2023-07-18,190.88693237304688,350.52069091796875,122.59343719482422,132.8300018310547,143.84608459472656,436.4821472167969,87.05562591552734
2023-07-19,192.2368621826172,346.22076416015625,120.87974548339844,135.36000061035156,144.3983917236328,437.4527282714844,87.32179260253906
2023-07-20,190.29579162597656,338.2156066894531,118.076416015625,129.9600067138672,146.17706298828125,434.55047607421875,86.86933135986328
2023-07-21,189.12326049804688,335.19293212890625,118.8886947631836,130.0,145.0537109375,434.55047607421875,86.93141174316406
2023-07-24,189.92135620117188,336.49945068359375,120.38446807861328,128.8000030517578,147.9088897705078,436.49176025390625,86.771728515625
2023-07-25,190.77859497070312,342.22308349609375,121.05805206298828,129.1300048828125,146.80426025390625,437.6833801269531,86.67414855957031
2023-07-26,191.6456756591797,329.3426208496094,128.05148315429688,128.14999389648438,147.68421936035156,437.7507019042969,86.95802307128906
2023-07-27,190.3844757080078,322.4685363769531,128.18026733398438,128.25,146.0553741455078,434.848388671875,86.21281433105469
2023-07-28,192.95616149902344,329.92767333984375,131.33030700683594,132.2100067138672,146.88851928710938,439.1056823730469,86.54994964599609
2023-07-31,193.5670623779297,327.5387878417969,131.46897888183594,133.67999267578125,147.87147521972656,439.94183349609375,86.65641784667969
2023-08-01,192.73941040039062,327.9483337402344,130.3100128173828,131.69000244140625,147.1412353515625,438.682861328125,86.08265686035156
2023-08-02,189.7538604736328,319.3288879394531,127.16986846923828,128.2100067138672,145.4749298095703,432.5804443359375,85.87805938720703
2023-08-03,188.3645477294922,318.5097961425781,127.23921966552734,128.91000366210938,146.36428833007812,431.3407287597656,85.29982757568359
2023-08-04,179.31927490234375,319.60186767578125,126.90242767333984,139.57000732421875,146.0553741455078,429.3898620605469,86.00257873535156
2023-08-07,176.22535705566406,321.8737487792969,130.2902069091797,142.22000122070312,146.7480926513672,433.1378173828125,86.02037048339844
2023-08-08,177.1614227294922,317.9150085449219,130.16140747070312,139.94000244140625,145.92431640625,431.25421142578125,86.22499084472656
2023-08-09,175.57504272460938,314.1903991699219,128.43783569335938,137.85000610351562,143.9677734375,428.3711853027344,86.28725433349609
2023-08-10,175.35824584960938,314.8728942871094,128.46754455566406,138.55999755859375,143.75247192382812,428.52490234375,85.72686004638672
2023-08-11,175.41744995117188,313.0008239746094,128.3387451171875,138.41000366210938,144.58563232421875,428.2750549316406,85.45996856689453
2023-08-14,177.065185546875,315.9552001953125,130.09207153320312,140.57000732421875,144.88519287109375,430.6391296386719,85.39768218994141
2023-08-15,175.08200073242188,313.8295593261719,128.5567169189453,137.6699981689453,141.19683837890625,425.6227111816406,85.16641998291016
2023-08-16,174.21372985839844,313.0674743652344,127.48689270019531,135.07000732421875,140.59771728515625,422.4994201660156,84.96180725097656
2023-08-17,171.6780548095703,309.6279602050781,128.69537353515625,133.97999572753906,139.13734436035156,419.280029296875,84.87284851074219
2023-08-18,172.16148376464844,309.2371826171875,126.25855255126953,133.22000122070312,139.45562744140625,419.4818420410156,85.05965423583984
2023-08-21,173.49349975585938,314.51361083984375,127.15998077392578,134.67999267578125,139.9330596923828,422.2110595703125,84.63266754150391
2023-08-22,174.8649139404297,315.080322265625,127.86328887939453,134.25,137.0310516357422,421.0674743652344,84.72163391113281
2023-08-23,178.70303344726562,319.5163879394531,131.1222686767578,135.52000427246094,137.95777893066406,425.7572326660156,85.53111267089844
2023-08-24,174.0262908935547,312.64727783203125,128.5567169189453,131.83999633789062,137.82675170898438,419.8565979003906,85.33541107177734
2023-08-25,176.2265167236328,315.58843994140625,128.65576171875,133.25999450683594,137.65823364257812,422.8165283203125,85.28202056884766
2023-08-28,177.78546142578125,316.2919616699219,129.7751007080078,133.13999938964844,138.1356658935547,425.497802734375,85.46884155273438
2023-08-29,181.66299438476562,320.8941345214844,133.3015594482422,134.91000366210938,139.259033203125,431.6482238769531,86.02037048339844
2023-08-30,185.14585876464844,321.2654724121094,134.59921264648438,135.07000732421875,138.69735717773438,433.4261474609375,85.98479461669922
2023-08-31,185.36294555664062,320.2590026855469,134.886474609375,138.00999450683594,136.9842529296875,432.7918395996094,86.10933685302734
2023-09-01,186.93174743652344,321.138427734375,134.38125610351562,138.1199951171875,137.44293212890625,433.5990905761719,85.66334533691406
2023-09-05,187.16854858398438,325.9164733886719,134.49024963378906,137.27000427246094,135.92640686035156,431.72509765625,85.19952392578125
2023-09-06,180.46913146972656,325.2618408203125,133.19256591796875,135.36000061035156,135.70176696777344,428.8228759765625,85.1192626953125
2023-09-07,175.19052124023438,322.35986328125,133.9850311279297,137.85000610351562,134.54092407226562,427.50634765625,85.38682556152344
2023-09-08,175.80226135253906,326.6200256347656,135.09446716308594,138.22999572753906,134.64390563964844,428.1501159667969,85.43143463134766
2023-09-11,176.9665069580078,330.2060546875,135.62940979003906,143.10000610351562,135.233642578125,430.96600341796875,85.33333587646484
2023-09-12,173.94737243652344,324.1772155761719,134.06431579589844,141.22999572753906,136.9935760498047,428.6018371582031,85.36009979248047
2023-09-13,171.88523864746094,328.3691101074219,135.42137145996094,144.85000610351562,137.05914306640625,429.1015625,85.48497772216797
2023-09-14,173.39480590820312,330.94866943359375,136.7982940673828,144.72000122070312,139.71774291992188,432.8014221191406,85.36901092529297
2023-09-15,172.67453002929688,322.6627197265625,136.1048583984375,140.38999938964844,139.3058319091797,427.5868835449219,85.17278289794922
2023-09-18,175.59503173828125,321.5292663574219,136.90725708007812,139.97999572753906,139.59605407714844,427.83770751953125,85.29763793945312
2023-09-19,176.68038940429688,321.1286315917969,136.7388153076172,137.6300048828125,139.41815185546875,426.9504089355469,85.04788208007812
2023-09-20,173.1481475830078,313.42901611328125,132.47935485839844,135.2899932861328,138.82843017578125,423.025390625,85.00330352783203
2023-09-21,171.60897827148438,312.2173767089844,129.21044921875,129.3300018310547,137.74249267578125,416.03338623046875,84.42353820800781
2023-09-22,172.45748901367188,309.7550964355469,129.0222625732422,129.1199951171875,136.4225616455078,415.097900390625,84.78031921386719
2023-09-25,173.7302703857422,310.2728271484375,129.87416076660156,131.27000427246094,137.0965576171875,416.84356689453125,84.11136627197266
2023-09-26,169.66525268554688,304.9964599609375,127.35810852050781,125.9800033569336,135.6736297607422,410.7195129394531,84.00431060791016
2023-09-27,168.15567016601562,305.6316223144531,129.30953979492188,125.9800033569336,136.46932983398438,410.8834533691406,83.70999908447266
2023-09-28,168.41220092773438,306.4621887207031,131.06285095214844,125.9800033569336,138.16375732421875,413.2655334472656,83.95970916748047
2023-09-29,168.92527770996094,308.5238952636719,129.62649536132812,127.12000274658203,135.7578887939453,412.26263427734375,83.87944030761719
2023-10-02,171.43138122558594,314.4353942871094,132.9053192138672,129.4600067138672,134.58775329589844,412.0986633300781,83.29540252685547
2023-10-03,170.09939575195312,306.21783447265625,131.18170166015625,124.72000122070312,133.59544372558594,406.582275390625,82.64249420166016
2023-10-04,171.3425750732422,311.660400390625,133.9652099609375,127.0,134.19456481933594,409.54296875,83.22386169433594
2023-10-05,172.57591247558594,312.0511779785156,133.79684448242188,125.95999908447266,134.7603759765625,409.3887023925781,83.27751159667969
2023-10-06,175.12144470214844,319.7705078125,136.28318786621094,127.95999908447266,136.8350830078125,414.2492980957031,82.95553588867188
2023-10-09,176.60145568847656,322.2718811035156,137.115234375,128.25999450683594,136.5238800048828,416.9013671875,83.81417083740234
2023-10-10,176.0094451904297,320.8746032714844,136.75863647460938,129.47999572753906,137.35374450683594,419.0712890625,83.73366546630859
2023-10-11,177.400634765625,324.8123474121094,139.22515869140625,131.8300018310547,137.8252716064453,420.7878723144531,84.11824798583984
2023-10-12,178.29849243164062,323.5811767578125,137.66009521484375,132.3300018310547,137.504638671875,418.22259521484375,83.39379119873047
2023-10-13,176.4633026123047,320.22967529296875,136.0652618408203,129.7899932861328,139.5699005126953,416.13946533203125,83.75154876708984
2023-10-16,176.33506774902344,325.0273132324219,137.78884887695312,132.5500030517578,139.42843627929688,420.517822265625,83.28646087646484
2023-10-17,174.78602600097656,324.46063232421875,138.4030303955078,131.47000122070312,139.1266632080078,420.49853515625,82.68723297119141
2023-10-18,173.49349975585938,322.5552673339844,136.65960693359375,128.1300048828125,137.59893798828125,414.8953857421875,82.3026123046875
2023-10-19,173.11856079101562,323.7375793457031,136.4515838623047,128.39999389648438,137.01425170898438,411.2499084472656,81.98957061767578
2023-10-20,170.57301330566406,319.1940002441406,134.32183837890625,125.16999816894531,134.8074951171875,406.19647216796875,82.28474426269531
2023-10-23,170.69137573242188,321.7832946777344,135.21331787109375,126.55999755859375,132.9686279296875,405.4925231933594,82.60671234130859
2023-10-24,171.12550354003906,322.965576171875,137.50157165527344,128.55999755859375,133.12892150878906,408.54962158203125,82.90186309814453
2023-10-25,168.8167724609375,332.8735656738281,124.42601776123047,121.38999938964844,132.4027862548828,402.6860656738281,82.28474426269531
2023-10-26,164.6629180908203,320.3860168457031,121.12738037109375,119.56999969482422,132.74227905273438,397.8640441894531,82.83927154541016
2023-10-27,165.97515869140625,322.2621154785156,121.01842498779297,127.73999786376953,127.9610595703125,396.06060791015625,82.81243896484375
2023-10-30,168.01754760742188,329.59051513671875,123.28683471679688,132.7100067138672,129.59254455566406,400.7957763671875,82.61566162109375
2023-10-31,168.49114990234375,330.3721618652344,122.91043090820312,133.08999633789062,131.13909912109375,403.3129577636719,82.56201171875
2023-11-01,171.64845275878906,338.1500549316406,125.25808715820312,137.0,131.0259552001953,407.6141662597656,83.47434997558594
2023-11-02,175.20042419433594,340.34844970703125,126.28827667236328,138.07000732421875,133.3647003173828,415.42584228515625,83.97672271728516
2023-11-03,174.2926788330078,344.7259521484375,127.88308715820312,138.60000610351562,134.85470581054688,419.2159423828125,84.48804473876953
2023-11-06,176.83822631835938,348.37060546875,129.0222625732422,139.74000549316406,135.8731689453125,420.1803283691406,84.06643676757812
2023-11-07,179.3936767578125,352.27911376953125,129.73548889160156,142.7100067138672,135.80715942382812,421.3761291503906,84.51496124267578
2023-11-08,180.44940185546875,354.887939453125,130.59725952148438,142.0800018310547,136.4767303466797,421.6847839355469,84.80203247070312
2023-11-09,179.97581481933594,352.4353332519531,129.0123748779297,140.60000610351562,136.07122802734375,418.3961486816406,84.09333038330078
2023-11-10,184.1548309326172,361.2098693847656,131.34019470214844,143.55999755859375,138.0893096923828,424.9252014160156,84.29066467285156
2023-11-13,182.57412719726562,358.28826904296875,130.84490966796875,142.58999633789062,137.47633361816406,424.5201721191406,84.28172302246094
2023-11-14,185.18234252929688,361.7961730957031,132.3604736328125,145.8000030517578,139.98480224609375,432.7560729980469,85.34029388427734
2023-11-15,185.74546813964844,361.9429931640625,133.35108947753906,143.1999969482422,141.21075439453125,433.6723327636719,84.81100463867188
2023-11-16,187.4250030517578,368.3071594238281,135.63931274414062,142.8300018310547,142.8233642578125,434.2027282714844,85.27748107910156
2023-11-17,187.4052276611328,362.1192626953125,134.03457641601562,145.17999267578125,144.11534118652344,434.74273681640625,85.44793701171875
2023-11-20,189.14402770996094,369.5506896972656,134.96572875976562,146.1300048828125,144.55857849121094,438.0892639160156,85.58249664306641
2023-11-21,188.34376525878906,365.2720031738281,135.67892456054688,143.89999389648438,144.25677490234375,437.134521484375,85.67221832275391
2023-11-22,189.00570678710938,369.9520263671875,137.1846160888672,146.7100067138672,144.5963134765625,438.82220458984375,85.75294494628906
2023-11-24,187.68185424804688,369.540771484375,135.4015655517578,146.74000549316406,144.79432678222656,439.0921936035156,85.35820770263672
2023-11-27,187.50401306152344,370.6960754394531,135.12420654296875,147.72999572753906,144.46426391601562,438.3014831542969,85.84267425537109
2023-11-28,188.106689453125,374.7007141113281,135.90676879882812,147.02999877929688,144.79432678222656,438.7353820800781,86.21943664550781
2023-11-29,187.089111328125,370.93115234375,133.71759033203125,146.32000732421875,145.52992248535156,438.42681884765625,86.64104461669922
2023-11-30,187.66209411621094,370.98992919921875,131.28079223632812,146.08999633789062,147.1896514892578,440.1530456542969,86.35400390625
2023-12-01,188.93655395507812,366.68182373046875,130.61709594726562,147.02999877929688,147.90635681152344,442.7569580078125,87.11331939697266
2023-12-04,187.14833068847656,361.42413330078125,128.05148315429688,144.83999633789062,148.99085998535156,440.4327697753906,86.78044891357422
2023-12-05,191.09030151367188,364.7333984375,129.75527954101562,146.8800048828125,148.9720001220703,440.345947265625,87.35621643066406
2023-12-06,190.0035858154297,361.0911560058594,128.79444885253906,144.52000427246094,147.40655517578125,438.5714416503906,87.58113098144531
2023-12-07,191.9300537109375,363.1963195800781,135.63931274414062,146.8800048828125,147.85919189453125,441.9179382324219,87.60813140869141
2023-12-08,193.35272216796875,366.40765380859375,133.71759033203125,147.4199981689453,149.4906768798828,443.81781005859375,87.16728973388672
2023-12-11,190.8531951904297,363.5389709472656,132.0336151123047,145.88999938964844,150.0376434326172,445.5440979003906,87.17628479003906
2023-12-12,192.3647918701172,366.5545654296875,131.27085876464844,147.47999572753906,151.3767547607422,447.5790100097656,87.43717956542969
2023-12-13,195.57562255859375,366.5447998046875,131.32040405273438,148.83999633789062,151.88597106933594,453.7510986328125,88.53476715087891
2023-12-14,195.72381591796875,358.2812194824219,130.6963348388672,147.4199981689453,154.6490936279297,455.20745849609375,89.24932098388672
2023-12-15,195.19032287597656,362.9808654785156,131.35012817382812,149.97000122070312,155.81846618652344,454.45794677734375,89.04182434082031
2023-12-18,193.53054809570312,364.8607177734375,134.51995849609375,154.07000732421875,156.76148986816406,457.0142517089844,88.86137390136719
2023-12-19,194.56788635253906,365.4579772949219,135.36192321777344,153.7899932861328,158.8550262451172,459.7933349609375,88.96964263916016
2023-12-20,192.4833221435547,362.8731384277344,137.0360107421875,152.1199951171875,157.0633087158203,453.4218444824219,89.29444122314453
2023-12-21,192.33509826660156,365.73211669921875,139.0963897705078,153.83999633789062,157.95916748046875,457.72113037109375,89.28541564941406
2023-12-22,191.26815795898438,366.7503356933594,140.15635681152344,153.4199981689453,157.8648681640625,458.6410827636719,89.16813659667969
2023-12-26,190.7247314453125,366.8287048339844,140.18603515625,153.41000366210938,158.7984619140625,460.57763671875,89.34857940673828
2023-12-27,190.8235626220703,366.2510681152344,139.04685974121094,153.33999633789062,159.75091552734375,461.4104309082031,89.91699981689453
2023-12-28,191.2483673095703,367.435791015625,138.90818786621094,153.3800048828125,160.59970092773438,461.58465576171875,89.71849822998047
2023-12-29,190.21102905273438,368.17987060546875,138.37327575683594,151.94000244140625,160.4110565185547,460.24835205078125,89.54706573486328
2024-01-02,183.40402221679688,363.117919921875,136.86761474609375,149.92999267578125,162.2782745361328,457.6727294921875,89.12301635742188
2024-01-03,182.03073120117188,362.85357666015625,137.61056518554688,148.47000122070312,161.5709991455078,453.93505859375,89.16813659667969
2024-01-04,179.7189483642578,360.2491760253906,135.10440063476562,144.57000732421875,162.64320373535156,452.4728698730469,88.80721282958984
2024-01-05,178.99777221679688,360.06317138671875,134.4506072998047,145.24000549316406,163.45925903320312,453.09259033203125,88.59971618652344
2024-01-08,183.32498168945312,366.8580627441406,137.53131103515625,149.10000610351562,163.2220001220703,459.5609436035156,88.93354034423828
2024-01-09,182.9100341796875,367.93511962890625,139.62136840820312,151.3699951171875,161.9315948486328,458.86370849609375,88.91550445556641
2024-01-10,183.94740295410156,374.7691650390625,140.93887329101562,153.72999572753906,162.27316284179688,461.4588317871094,88.74408721923828
2024-01-11,183.3546142578125,376.5903015136719,140.7407684326172,155.17999267578125,161.58999633789062,461.2554626464844,89.24932098388672
2024-01-12,183.68064880371094,380.35003662109375,141.3053436279297,154.6199951171875,160.40391540527344,461.574951171875,89.41170501708984
2024-01-16,181.41822814941406,382.1124572753906,141.14691162109375,153.16000366210938,159.39813232421875,459.8804626464844,88.74408721923828
2024-01-17,180.47962951660156,381.3291931152344,140.13648986816406,151.7100067138672,158.54417419433594,457.3240966796875,88.50045776367188
2024-01-18,186.35800170898438,385.63720703125,142.12757873535156,153.5,158.85726928710938,461.3909912109375,88.41926574707031
2024-01-19,189.25270080566406,390.33685302734375,145.00021362304688,155.33999633789062,161.59950256347656,467.1428527832031,88.43730163574219
2024-01-22,191.5546417236328,388.2220153808594,144.6138916015625,154.77999877929688,161.40969848632812,468.1304931640625,88.59971618652344
2024-01-23,192.82907104492188,390.5619812011719,145.6540069580078,156.02000427246094,160.34698486328125,469.49578857421875,88.38316345214844
2024-01-24,192.1572723388672,394.1455383300781,147.29833984375,156.8699951171875,161.7797393798828,470.009033203125,88.18468475341797
2024-01-25,191.83126831054688,396.4072265625,150.4384765625,157.75,164.09495544433594,472.56536865234375,88.58165740966797
2024-01-26,190.10235595703125,395.4869384765625,150.7554473876953,159.1199951171875,163.46871948242188,471.9650573730469,88.48242950439453
2024-01-29,189.42063903808594,401.1558532714844,152.06301879882812,161.25999450683594,163.8957061767578,475.70269775390625,88.83430480957031
2024-01-30,185.77508544921875,400.04949951171875,150.0323486328125,159.0,167.254638671875,475.33465576171875,89.00574493408203
2024-01-31,182.17893981933594,389.2696228027344,138.77943420410156,155.1999969482422,165.4423370361328,467.5785827636719,89.41170501708984
2024-02-01,184.60931396484375,395.3399963378906,139.82943725585938,159.27999877929688,164.84454345703125,473.6983337402344,89.92118835449219
2024-02-02,183.61148071289062,402.6245422363281,141.03794860839844,171.80999755859375,165.7934112548828,478.68511962890625,89.09772491455078
2024-02-05,185.41940307617188,397.1709289550781,142.32566833496094,170.30999755859375,165.5751953125,476.942138671875,88.36475372314453
2024-02-06,187.0199432373047,397.0142822265625,142.74171447753906,169.14999389648438,166.14447021484375,478.3268127441406,88.82625579833984
2024-02-07,187.1285858154297,405.39532470703125,144.1681671142578,170.52999877929688,166.4575958251953,482.3162841796875,88.64527893066406
2024-02-08,186.05174255371094,405.4540710449219,144.53466796875,169.83999633789062,165.85983276367188,482.5292663574219,88.37381744384766
2024-02-09,186.81341552734375,411.7594909667969,147.59555053710938,174.4499969482422,166.05909729003906,485.3180236816406,88.34664916992188
2024-02-12,185.1317596435547,406.5801086425781,146.13937377929688,172.33999633789062,166.7991943359375,485.10504150390625,88.36475372314453
2024-02-13,183.04452514648438,397.826904296875,143.7718963623047,168.63999938964844,165.3474578857422,478.4236145019531,87.55033874511719
2024-02-14,182.1641082763672,401.6720886230469,144.5643768310547,170.97999572753906,167.02694702148438,482.7713623046875,87.93944549560547
2024-02-15,181.87725830078125,398.7980651855469,141.42425537109375,169.8000030517578,170.67054748535156,486.10235595703125,88.14756011962891
2024-02-16,180.34396362304688,396.3457336425781,139.19544982910156,169.50999450683594,169.87351989746094,483.681640625,87.86704254150391
2024-02-20,179.60203552246094,395.10003662109375,139.78982543945312,167.0800018310547,170.53768920898438,481.0187072753906,87.94847869873047
2024-02-21,180.35382080078125,394.501708984375,141.206298828125,168.58999633789062,171.64784240722656,481.4544677734375,87.68606567382812
2024-02-22,182.38172912597656,403.7908935546875,142.7318115234375,174.5800018310547,173.7068634033203,491.4183654785156,87.75845336914062
2024-02-23,180.5517120361328,402.505859375,142.60305786132812,174.99000549316406,174.579833984375,491.7572937011719,88.08423614501953
2024-02-26,179.20635986328125,399.75933837890625,136.27325439453125,174.72999572753906,173.98204040527344,489.9562683105469,87.89418792724609
2024-02-27,180.66049194335938,399.7004699707031,137.5709228515625,173.5399932861328,174.0674285888672,490.86639404296875,87.77654266357422
2024-02-28,179.46353149414062,399.9359436035156,135.09446716308594,173.16000366210938,174.94989013671875,490.2176513671875,87.94847869873047
2024-02-29,178.80078125,405.74285888671875,137.15487670898438,176.75999450683594,176.5439453125,491.98004150390625,88.09326171875
2024-03-01,177.72251892089844,407.5673522949219,135.84730529785156,178.22000122070312,175.81332397460938,496.5988464355469,88.51618957519531
2024-03-04,173.2117462158203,406.9984436035156,132.09304809570312,177.5800018310547,177.13221740722656,496.0662841796875,88.29839324951172
2024-03-05,168.28541564941406,394.962646484375,131.41944885253906,174.1199951171875,178.90660095214844,491.10858154296875,88.77939605712891
2024-03-06,167.29617309570312,394.4133605957031,130.16140747070312,173.50999450683594,179.83645629882812,493.5970458984375,88.91552734375
2024-03-07,167.17750549316406,401.32879638671875,133.11334228515625,176.82000732421875,178.26136779785156,498.4967956542969,89.10611724853516
2024-03-08,168.88880920410156,398.4645080566406,134.1336669921875,175.35000610351562,178.5934600830078,495.5047302246094,89.18780517578125
2024-03-11,170.8870391845703,396.79693603515625,136.372314453125,171.9600067138672,178.65988159179688,495.0785827636719,89.08798217773438
2024-03-12,171.36187744140625,407.35162353515625,137.19448852539062,175.38999938964844,180.13059997558594,500.40435791015625,88.861083984375
2024-03-13,169.28453063964844,407.1750183105469,138.47232055664062,176.55999755859375,181.5918731689453,499.6199645996094,88.69771575927734
2024-03-14,171.13436889648438,417.1017761230469,141.7511444091797,178.75,178.3562469482422,498.63232421875,88.13502502441406
2024-03-15,170.7584228515625,408.46978759765625,139.8492431640625,174.4199981689453,180.5670928955078,495.2084045410156,88.12594604492188
2024-03-18,171.8466033935547,409.3526306152344,146.2879638671875,174.47999572753906,182.80638122558594,498.1515197753906,88.03518676757812
2024-03-19,174.18109130859375,413.3645324707031,145.6440887451172,175.89999389648438,183.87857055664062,500.9198303222656,88.25299072265625
2024-03-20,176.7432098388672,417.11163330078125,147.33799743652344,178.14999389648438,186.2886962890625,505.5529479980469,88.43453979492188
2024-03-21,169.5219268798828,421.17254638671875,146.20872497558594,178.14999389648438,188.8790283203125,507.2236328125,88.498046875
2024-03-22,170.422119140625,420.5545654296875,149.3488311767578,178.8699951171875,186.5638427734375,506.2620849609375,88.77939605712891
2024-03-25,169.00753784179688,414.7868347167969,148.65545654296875,179.7100067138672,184.85592651367188,504.86346435546875,88.61603546142578
2024-03-26,167.87985229492188,413.5999450683594,149.24978637695312,178.3000030517578,185.71934509277344,503.9308776855469,88.70679473876953
2024-03-27,171.4409942626953,413.3841247558594,149.4479217529297,179.8300018310547,189.31553649902344,508.1659240722656,88.99721527099609
2024-03-28,169.63075256347656,412.6877136230469,149.50730895996094,180.3800048828125,190.05564880371094,508.0687255859375,88.88831329345703
2024-04-01,168.19638061523438,416.4642028808594,154.02435302734375,180.97000122070312,188.7651824951172,507.184814453125,88.24202728271484
2024-04-02,167.0192108154297,413.3939514160156,153.10313415527344,180.69000244140625,188.6892852783203,503.9600830078125,88.17833709716797
2024-04-03,167.82046508789062,412.4228515625,153.45973205566406,182.41000366210938,188.15792846679688,504.5136413574219,88.23292541503906
2024-04-04,166.9994354248047,409.9020080566406,149.11109924316406,180.0,186.72633361816406,498.3554992675781,88.44228363037109
2024-04-05,167.751220703125,417.3960876464844,151.0625457763672,185.07000732421875,188.44422912597656,503.561767578125,88.00532531738281
2024-04-08,166.63343811035156,416.4837951660156,153.390380859375,185.19000244140625,189.42727661132812,503.84344482421875,87.92342376708984
2024-04-09,167.8402862548828,418.1415710449219,155.12388610839844,185.6699981689453,188.1579132080078,504.4263000488281,88.22385406494141
2024-04-10,165.9706268310547,415.1791687011719,154.66822814941406,185.9499969482422,186.55455017089844,499.3753356933594,87.16788482666016
2024-04-11,173.15234375,419.760009765625,157.90740966796875,189.0500030517578,186.51637268066406,503.14404296875,87.18608856201172
2024-04-12,174.64608764648438,413.84515380859375,156.24322509765625,186.1300048828125,174.452880859375,496.1991882324219,87.34995269775391
2024-04-15,170.8276824951172,405.74285888671875,153.40029907226562,183.6199951171875,174.54833984375,489.9827575683594,86.82198333740234
2024-04-16,167.5533905029297,406.6649169921875,152.94461059570312,183.32000732421875,172.55364990234375,489.089111328125,86.57621002197266
2024-04-17,166.18829345703125,403.97723388671875,154.00454711914062,181.27999877929688,171.8665008544922,486.1945495605469,86.97673034667969
2024-04-18,165.23863220214844,396.5517578125,154.53944396972656,179.22000122070312,172.98312377929688,485.19415283203125,86.73097991943359
2024-04-19,163.2206268310547,391.5000915527344,152.6375274658203,174.6300048828125,177.3256072998047,480.9591979980469,86.82198333740234
2024-04-22,164.05154418945312,393.304931640625,154.80686950683594,177.22999572753906,180.77096557617188,485.38836669921875,86.87661743164062
2024-04-23,165.10012817382812,399.78875732421875,156.76824951171875,179.5399932861328,183.37643432617188,491.1482849121094,87.05864715576172
2024-04-24,167.197265625,401.25030517578125,157.6300506591797,176.58999633789062,184.27359008789062,490.9151306152344,86.83108520507812
2024-04-25,168.05789184570312,391.4216003417969,154.52951049804688,173.6699981689453,184.55032348632812,489.05023193359375,86.5853271484375
2024-04-26,167.47425842285156,398.5625915527344,170.32919311523438,179.6199951171875,184.66485595703125,493.6834716796875,86.77645111083984
2024-04-29,171.62896728515625,394.57037353515625,164.5838623046875,180.9600067138672,184.46441650390625,495.43182373046875,87.04045104980469
2024-04-30,168.49314880371094,381.89697265625,161.24563598632812,175.0,182.99468994140625,487.5836181640625,86.68545532226562
2024-05-01,167.47425842285156,387.3998718261719,162.31546020507812,179.0,183.1092071533203,486.0003356933594,86.99134826660156
2024-05-02,171.16400146484375,390.2445373535156,165.04945373535156,184.72000122070312,182.9183349609375,490.5460510253906,87.38396453857422
2024-05-03,181.40240478515625,398.8960876464844,165.6636199951172,186.2100067138672,181.82077026367188,496.6265869140625,87.83138275146484
2024-05-06,179.75042724609375,405.6448059082031,166.5155029296875,188.6999969482422,183.24282836914062,501.755126953125,87.89533233642578
2024-05-07,180.43295288085938,401.52496337890625,169.6357879638672,188.75999450683594,183.0042266845703,502.30877685546875,88.07792663574219
2024-05-08,180.76931762695312,402.7020568847656,167.78343200683594,188.0,186.72633361816406,502.35736083984375,87.89533233642578
2024-05-09,182.57958984375,404.4480895996094,168.3579864501953,189.5,188.49197387695312,505.2518005371094,88.05966186523438
2024-05-10,181.3215789794922,406.8218994140625,167.06028747558594,187.47999572753906,189.70404052734375,505.90264892578125,87.87703704833984
2024-05-13,184.5210723876953,405.8213195800781,167.54568481445312,186.57000732421875,189.6658477783203,505.9706115722656,87.92270660400391
2024-05-14,185.6602020263672,408.607177734375,168.73439025878906,187.07000732421875,192.31906127929688,508.2920837402344,88.16012573242188
2024-05-15,187.92860412597656,415.75115966796875,170.88389587402344,185.99000549316406,192.89169311523438,514.5862426757812,88.7445068359375
2024-05-16,188.04745483398438,413.6973876953125,172.5381622314453,183.6300048828125,193.23526000976562,513.527587890625,88.64405822753906
2024-05-17,188.07717895507812,412.93096923828125,174.4004669189453,184.6999969482422,195.44944763183594,514.2656860351562,88.36099243164062
2024-05-20,189.23611450195312,417.9720458984375,175.2523651123047,183.5399932861328,186.6595458984375,514.8582763671875,88.27880096435547
2024-05-21,190.5337677001953,421.60797119140625,176.17359924316406,183.14999389648438,190.41983032226562,516.1209716796875,88.44316864013672
2024-05-22,189.0974578857422,423.0623779296875,174.71743774414062,183.1300048828125,189.26499938964844,514.6348266601562,88.33358001708984
2024-05-23,185.11541748046875,419.6033020019531,171.91412353515625,181.0500030517578,187.9384307861328,510.87579345703125,88.08707427978516
2024-05-24,188.18614196777344,422.7085266113281,173.34056091308594,180.75,191.55557250976562,514.2560424804688,88.18749237060547
2024-05-28,188.196044921875,422.86578369140625,174.7372589111328,182.14999389648438,190.40072631835938,514.6153564453125,87.77658843994141
2024-05-29,188.49322509765625,421.7357482910156,174.241943359375,182.02000427246094,189.07412719726562,511.0118103027344,87.43874359130859
2024-05-30,189.48374938964844,407.4869079589844,170.48770141601562,179.32000732421875,190.23849487304688,507.62188720703125,87.84967041015625
2024-05-31,190.43470764160156,407.93896484375,170.87400817871094,176.44000244140625,193.3879852294922,512.2453002929688,88.13272094726562
2024-06-03,192.19790649414062,406.3567810058594,171.53768920898438,178.33999633789062,192.6149139404297,512.6630859375,88.66582489013672
2024-06-04,192.51487731933594,408.8626403808594,172.15187072753906,179.33999633789062,190.0762481689453,513.2361450195312,88.98639678955078
2024-06-05,194.02049255371094,416.6650695800781,173.756591796875,181.27999877929688,188.2628936767578,519.3360595703125,89.26119995117188
2024-06-06,192.6436767578125,417.1662292480469,175.0641326904297,185.0,187.9288787841797,519.3262329101562,89.28865814208984
2024-06-07,195.03089904785156,416.5079040527344,172.81553649902344,184.3000030517578,190.83023071289062,518.6948852539062,88.50095367431641
2024-06-10,191.29647827148438,420.45819091796875,173.55931091308594,187.05999755859375,190.50572204589844,520.297607421875,88.42767333984375
2024-06-11,205.1940155029297,425.1849060058594,175.15597534179688,187.22999572753906,185.4951629638672,521.5505981445312,88.72993469238281
2024-06-12,211.05813598632812,433.41973876953125,176.3162841796875,186.88999938964844,182.79425048828125,525.834228515625,89.15126800537109
2024-06-13,212.21705627441406,433.9306945800781,173.7080841064453,183.8300018310547,184.8271026611328,526.8928833007812,89.60009765625
2024-06-14,210.48361206054688,434.9035339355469,175.32455444335938,183.66000366210938,184.94161987304688,527.2135009765625,89.69169616699219
2024-06-17,214.6241455078125,440.60308837890625,175.77084350585938,184.05999755859375,186.08689880371094,531.4096069335938,89.37109375
2024-06-18,212.2666015625,438.6082458496094,173.6386260986328,182.80999755859375,188.01478576660156,532.7597045898438,89.69169616699219
2024-06-20,207.7001190185547,437.9793701171875,174.838623046875,186.10000610351562,189.60858154296875,531.3124389648438,89.53598785400391
2024-06-21,205.53082275390625,441.9886779785156,178.1410369873047,189.0800018310547,187.3466796875,530.60009765625,89.54513549804688
2024-06-24,206.17469787597656,439.9152526855469,177.73439025878906,185.57000732421875,189.80902099609375,528.8753051757812,89.61842346191406
2024-06-25,207.09588623046875,443.138427734375,182.5045623779297,186.33999633789062,189.03598022460938,530.9119262695312,89.60926818847656
2024-06-26,211.2364044189453,444.3274841308594,182.3557891845703,193.61000061035156,188.42514038085938,531.5745849609375,89.20624542236328
2024-06-27,212.07839965820312,445.0054931640625,183.87310791015625,197.85000610351562,190.08578491210938,532.41259765625,89.35279846191406
2024-06-28,208.6312255859375,439.2077331542969,180.64013671875,193.25,193.0348358154297,530.3174438476562,88.91311645507812
2024-07-01,214.703369140625,448.81829833984375,181.47317504882812,197.1999969482422,196.07936096191406,531.4089965820312,88.43626403808594
2024-07-02,218.19012451171875,451.3241271972656,183.7045440673828,200.0,199.30519104003906,534.985107421875,88.73027801513672
2024-07-03,219.45803833007812,452.788330078125,184.2797088623047,197.58999633789062,199.17160034179688,537.3726196289062,89.20806121826172
2024-07-05,224.2028045654297,459.460693359375,189.0200958251953,200.0,196.53245544433594,540.4712524414062,89.65828704833984
2024-07-08,225.6688690185547,458.1635437011719,187.4630889892578,199.2899932861328,196.89710998535156,541.0950317382812,89.68585205078125
2024-07-09,226.52069091796875,451.5796203613281,187.41351318359375,199.33999633789062,199.25794982910156,541.6211547851562,89.60314178466797
2024-07-10,230.78012084960938,458.17340087890625,189.59527587890625,199.7899932861328,199.4210968017578,546.980712890625,89.69505310058594
2024-07-11,225.42120361328125,446.823486328125,184.03179931640625,195.0500030517578,199.085205078125,542.2642822265625,90.15444946289062
2024-07-12,228.36317443847656,445.6933288574219,183.5359344482422,194.49000549316406,196.6764373779297,545.6846313476562,90.40254974365234
2024-07-15,232.18673706054688,446.0962829589844,184.9838409423828,192.72000122070312,201.5803680419922,547.1854248046875,90.09013366699219
2024-07-16,232.6027374267578,441.7331848144531,182.39547729492188,193.02000427246094,205.0064239501953,550.43017578125,90.45765686035156
2024-07-17,226.7188262939453,435.83709716796875,179.51947021484375,187.92999267578125,208.12538146972656,542.7125854492188,90.52196502685547
2024-07-18,222.0631866455078,432.7416687011719,176.21710205078125,183.75,201.51318359375,538.5419311523438,90.27389526367188
2024-07-19,222.19198608398438,429.53814697265625,176.18734741210938,183.1300048828125,201.32122802734375,534.965576171875,90.09013366699219
2024-07-22,221.84530639648438,435.26715087890625,180.16412353515625,182.5500030517578,201.8011016845703,540.481201171875,90.05336761474609
2024-07-23,222.8853759765625,437.1440734863281,180.2831268310547,186.41000366210938,201.8490753173828,539.63330078125,90.04419708251953
2024-07-24,216.47647094726562,421.4704284667969,171.1990509033203,180.8300018310547,200.17922973632812,527.4038696289062,89.76854705810547
2024-07-25,215.43638610839844,411.15228271484375,165.89340209960938,179.85000610351562,200.25601196289062,524.6558837890625,90.01661682128906
2024-07-26,215.9019317626953,417.9032287597656,165.61572265625,182.5,203.68206787109375,530.5318603515625,90.33820343017578
2024-07-29,216.17929077148438,419.3380126953125,168.12472534179688,183.1999969482422,202.34812927246094,530.8436889648438,90.48524475097656
2024-07-30,216.73402404785156,415.5940246582031,168.87843322753906,181.7100067138672,206.5131378173828,528.1542358398438,90.57710266113281
2024-07-31,219.98301696777344,411.1031188964844,170.11807250976562,186.97999572753906,204.21946716308594,536.7391967773438,91.06407165527344
2024-08-01,216.29818725585938,409.8846435546875,169.34454345703125,184.07000732421875,199.5746612548828,529.138427734375,91.44564819335938
2024-08-02,217.78399658203125,401.4139099121094,165.27853393554688,167.89999389648438,191.11026000976562,519.2866821289062,92.46868133544922
2024-08-05,207.2939910888672,388.3050231933594,157.9299774169922,161.02000427246094,187.04124450683594,504.1631164550781,92.39493560791016
2024-08-06,205.2732391357422,392.687744140625,156.9779052734375,161.92999267578125,192.2618865966797,508.811279296875,91.84193420410156
2024-08-07,207.8388214111328,391.5281677246094,157.62254333496094,162.77000427246094,192.31947326660156,505.41046142578125,91.56545257568359
2024-08-08,211.29583740234375,395.7144470214844,160.68690490722656,165.8000030517578,195.8319091796875,517.0941772460938,91.42720031738281
2024-08-09,214.19818115234375,398.9867248535156,162.3133087158203,166.94000244140625,197.50172424316406,519.3744506835938,91.74977874755859
2024-08-12,215.7254180908203,399.76300048828125,160.9447479248047,166.8000030517578,197.8760223388672,519.647216796875,91.90647888183594
2024-08-13,219.4344024658203,406.8383483886719,162.79925537109375,170.22999572753906,199.55548095703125,528.1931762695312,92.27511596679688
2024-08-14,219.8806610107422,409.638916015625,159.0406494140625,170.10000610351562,201.76272583007812,529.8594970703125,92.4410400390625
2024-08-15,222.8557586669922,414.482421875,159.96299743652344,177.58999633789062,203.01988220214844,538.9414672851562,92.05393218994141
2024-08-16,224.1747283935547,411.9622497558594,161.6092071533203,177.05999755859375,205.34231567382812,540.1497192382812,92.27511596679688
2024-08-19,224.0160675048828,414.97467041015625,165.2884521484375,178.22000122070312,206.76263427734375,545.3142700195312,92.37651062011719
2024-08-20,224.63092041015625,418.1938171386719,165.79421997070312,178.8800048828125,205.8701171875,544.4276123046875,92.65296936035156
2024-08-21,224.52183532714844,417.5440673828125,164.47523498535156,180.11000061035156,205.94692993164062,546.298583984375,92.82810974121094
2024-08-22,222.66732788085938,409.087646484375,162.44223022460938,176.1300048828125,207.89505004882812,542.0108642578125,92.45024108886719
2024-08-23,224.95819091796875,410.30841064453125,164.24716186523438,177.0399932861328,209.50732421875,547.77001953125,92.87419891357422
2024-08-26,225.29534912109375,407.0596923828125,164.7826690673828,175.5,210.33262634277344,546.4641723632812,92.79123687744141
2024-08-27,226.13832092285156,407.40423583984375,163.31492614746094,173.1199951171875,211.3019256591797,547.214599609375,92.81888580322266
2024-08-28,224.611083984375,404.21466064453125,161.5001220703125,170.8000030517578,212.3671417236328,544.037841796875,92.73595428466797
2024-08-29,227.8837127685547,406.6954345703125,160.43899536132812,172.1199951171875,213.2500457763672,544.0864868164062,92.61611938476562
2024-08-30,227.1002655029297,410.6529235839844,162.02574157714844,178.5,215.73561096191406,549.2804565429688,92.39493560791016
2024-09-03,220.9219207763672,403.0726623535156,156.05560302734375,176.25,211.4170684814453,537.9766845703125,92.78507232666016
2024-09-04,219.0178680419922,402.54107666015625,155.15316772460938,173.3300018310547,210.48619079589844,536.8755493164062,93.19187164306641
2024-09-05,220.53517150878906,402.0390319824219,155.93661499023438,177.88999938964844,208.85475158691406,535.5697631835938,93.4322509765625
2024-09-06,218.98814392089844,395.4530334472656,149.66900634765625,171.38999938964844,203.89320373535156,526.5560913085938,93.55243682861328
2024-09-09,219.07737731933594,399.4105224609375,147.6730194091797,175.39999389648438,208.0677947998047,532.4515380859375,93.69110870361328
2024-09-10,218.2840118408203,407.7586669921875,147.6233673095703,179.5500030517578,197.2714080810547,534.770751953125,93.97772979736328
2024-09-11,220.81285095214844,416.461181640625,150.10592651367188,184.52000427246094,198.8740692138672,540.2570190429688,93.94998168945312
2024-09-12,220.9219207763672,420.3595886230469,153.61131286621094,187.0,198.2694854736328,544.8077392578125,93.86678314208984
2024-09-13,220.6541748046875,423.89373779296875,156.36199951171875,186.49000549316406,196.0814208984375,547.6531372070312,94.06092834472656
2024-09-16,214.52545166015625,424.6321105957031,156.95782470703125,184.88999938964844,199.47865295410156,548.4618530273438,94.28282165527344
2024-09-17,214.99154663085938,428.3828430175781,158.20904541015625,186.8800048828125,200.8126220703125,548.6859130859375,94.19035339355469
2024-09-18,218.85919189453125,424.1103210449219,158.6956329345703,186.42999267578125,199.1619873046875,547.0587158203125,93.89449310302734
2024-09-19,226.97134399414062,431.8677978515625,161.00936889648438,189.8699951171875,201.99302673339844,556.3939208984375,93.90377044677734
2024-09-20,226.30686950683594,428.5009765625,162.4492645263672,191.60000610351562,202.5784149169922,555.4320678710938,93.82053375244141
2024-09-23,224.59124755859375,426.76837158203125,160.7213897705078,193.8800048828125,202.91432189941406,556.820068359375,93.7835693359375
2024-09-24,225.48377990722656,422.4958801269531,161.15830993652344,193.9600067138672,203.05828857421875,558.4132690429688,93.91297912597656
2024-09-25,224.4920654296875,425.3901062011719,160.36392211914062,192.52999877929688,201.71473693847656,557.1815795898438,93.55243682861328
2024-09-26,225.63255310058594,424.6025390625,161.59524536132812,191.16000366210938,201.32122802734375,559.3908081054688,93.57093048095703
2024-09-27,225.9002685546875,421.3636779785156,162.80673217773438,187.97000122070312,202.01223754882812,558.579345703125,93.83905029296875
2024-09-30,231.0670623779297,423.6082763671875,164.69349670410156,186.3300018310547,202.35772705078125,560.81787109375,93.62639617919922
2024-10-01,224.33340454101562,414.1477355957031,165.82554626464844,185.1300048828125,198.6917266845703,555.7937622070312,93.87400817871094
2024-10-02,224.898681640625,410.6430969238281,164.7034454345703,184.75999450683594,198.93167114257812,556.0283203125,93.67926025390625
2024-10-03,223.7978973388672,410.062255859375,164.7034454345703,181.9600067138672,196.95472717285156,555.01171875,93.29905700683594
2024-10-04,224.91851806640625,409.5897216796875,165.89505004882812,186.50999450683594,203.9453582763672,560.0553588867188,92.69628143310547
2024-10-07,219.85089111328125,403.1711120605469,161.84352111816406,180.8000030517578,203.6653594970703,554.9921875,92.38099670410156
2024-10-08,223.89707946777344,408.2607116699219,163.23374938964844,182.72000122070312,203.49156188964844,560.2412109375,92.53861999511719
2024-10-09,227.6357879638672,410.9679260253906,160.73135375976562,185.1699981689453,206.069580078125,564.1216430664062,92.29753875732422
2024-10-10,227.13990783691406,409.3730773925781,160.94976806640625,186.64999389648438,205.50958251953125,563.1343383789062,92.24187469482422
2024-10-11,225.6623077392578,409.845703125,162.10169982910156,188.82000732421875,214.63409423828125,566.506591796875,92.26969909667969
2024-10-14,229.38119506835938,412.6218566894531,163.80970764160156,187.5399932861328,213.8520050048828,571.1396484375,92.18625640869141
2024-10-15,231.9100341796875,412.2279968261719,164.3062286376953,187.69000244140625,214.73065185546875,566.7020874023438,92.55718231201172
2024-10-16,229.857177734375,409.6488037109375,164.00833129882812,186.88999938964844,215.93760681152344,569.1652221679688,92.67775726318359
2024-10-17,230.22413635253906,410.2394714355469,161.7938232421875,187.52999877929688,216.6907501220703,569.2140502929688,92.22335052490234
2024-10-18,233.05050659179688,411.6570739746094,162.28045654296875,188.99000549316406,217.60801696777344,571.4035034179688,92.28825378417969
2024-10-21,234.5181884765625,412.2674560546875,162.92591857910156,189.07000732421875,215.3196563720703,570.4651489257812,91.64839935302734
2024-10-22,233.90333557128906,420.8616638183594,163.98846435546875,189.6999969482422,216.40106201171875,570.1621704101562,91.66693115234375
2024-10-23,228.8456573486328,417.9969482421875,161.64491271972656,184.7100067138672,215.71554565429688,564.952392578125,91.43510437011719
2024-10-24,228.65724182128906,418.1248779296875,161.5853271484375,186.3800048828125,217.23146057128906,566.1741943359375,91.61128234863281
2024-10-25,229.4902801513672,421.4916687011719,164.1175537109375,187.8300018310547,214.65342712402344,565.9786376953125,91.42581176757812
2024-10-28,231.4637451171875,419.9559631347656,165.5574493408203,188.38999938964844,217.73353576660156,567.7283325195312,91.27747344970703
2024-10-29,231.7315216064453,425.23260498046875,168.49679565429688,190.8300018310547,215.22308349609375,568.647216796875,91.37947845458984
2024-10-30,228.19114685058594,425.8035888671875,173.2434539794922,192.72999572753906,216.6810760498047,566.9268798828125,91.2867431640625
2024-10-31,224.035888671875,400.03076171875,169.9168243408203,186.39999389648438,214.27684020996094,555.8134155273438,91.26819610595703
2024-11-01,221.06077575683594,403.9882507324219,170.09556579589844,197.92999267578125,215.26171875,558.1590576171875,90.90538787841797
2024-11-04,220.1682586669922,402.10791015625,168.05987548828125,195.77999877929688,212.21054077148438,556.9569091796875,91.28679656982422
2024-11-05,221.59628295898438,405.06121826171875,168.55638122558594,199.5,213.86166381835938,563.6914672851562,91.50074768066406
2024-11-06,220.87234497070312,413.6456604003906,175.27915954589844,207.08999633789062,238.55099487304688,577.7080078125,90.78446197509766
2024-11-07,225.59286499023438,418.8139953613281,179.48960876464844,210.0500030517578,228.2388458251953,582.1748657226562,91.47284698486328
2024-11-08,225.32479858398438,415.96893310546875,177.10635375976562,208.17999267578125,228.81817626953125,584.69677734375,91.63101196289062
2024-11-11,222.6144561767578,411.5093688964844,179.0924072265625,206.83999633789062,231.048583984375,585.25390625,91.42633056640625
2024-11-12,222.6144561767578,416.45135498046875,180.35354614257812,208.91000366210938,231.30931091308594,583.4358520507812,90.89607238769531
2024-11-13,223.498046875,418.5876159667969,177.63265991210938,214.10000610351562,232.8542022705078,583.7194213867188,90.87746429443359
2024-11-14,226.5757293701172,420.25128173828125,174.35565185546875,211.47999572753906,233.5397491455078,579.9658813476562,90.84027099609375
2024-11-15,223.3789520263672,408.54620361328125,171.28720092773438,202.61000061035156,236.86126708984375,572.5374145507812,90.84957122802734
2024-11-18,226.377197265625,409.2944030761719,174.0775909423828,201.6999969482422,236.59091186523438,574.8832397460938,90.93330383300781
2024-11-19,226.63531494140625,411.2928466796875,176.87791442871094,204.61000061035156,234.7177276611328,576.9847412109375,91.06354522705078
2024-11-20,227.35009765625,409.028564453125,174.7528533935547,202.8800048828125,232.4873046875,577.1802978515625,90.97048950195312
2024-11-21,226.87356567382812,407.26287841796875,166.46112060546875,198.3800048828125,236.33023071289062,580.2786865234375,90.92399597167969
2024-11-22,228.21383666992188,411.3368225097656,163.61109924316406,197.1199951171875,239.9897003173828,582.0772094726562,90.98909759521484
2024-11-25,231.19223022460938,413.1025085449219,166.48094177246094,201.4499969482422,241.6697235107422,584.0515747070312,91.8077392578125
2024-11-26,233.366455078125,422.1775207519531,167.940673828125,207.86000061035156,241.3607635498047,587.1011962890625,91.668212890625
2024-11-27,233.23736572265625,417.2454528808594,168.04994201660156,205.74000549316406,241.1869659423828,585.322265625,91.91936492919922
2024-11-29,235.62010192871094,417.7091064453125,167.77188110351562,207.88999938964844,241.11940002441406,588.9584350585938,92.28216552734375
2024-12-02,237.86383056640625,425.126953125,170.29417419433594,210.7100067138672,237.76889038085938,590.0140380859375,92.29335784912109
2024-12-03,240.90176391601562,425.343994140625,170.14520263671875,213.44000244140625,236.38816833496094,590.2876586914062,92.11606597900391
2024-12-04,241.25917053222656,431.4794921875,173.15408325195312,218.16000366210938,235.0170440673828,593.9530639648438,92.41468811035156
2024-12-05,241.28895568847656,436.60882568359375,171.4361572265625,220.5500030517578,237.02540588378906,592.9757080078125,92.43337249755859
2024-12-06,241.09039306640625,437.5459899902344,173.49171447753906,227.02999877929688,238.84068298339844,594.0997314453125,92.69464111328125
2024-12-09,244.9722442626953,439.9626770019531,174.34669494628906,226.08999633789062,235.41293334960938,591.0403442382812,92.42403411865234
2024-12-10,245.98487854003906,437.3092346191406,184.08950805664062,225.0399932861328,234.4956512451172,589.2026977539062,92.31202697753906
2024-12-11,244.714111328125,442.8923645019531,194.2598114013672,230.25999450683594,235.14256286621094,593.7576293945312,92.09738922119141
2024-12-12,246.17352294921875,443.45458984375,190.83990478515625,228.97000122070312,233.21145629882812,590.6982421875,91.72413635253906
2024-12-13,246.34230041503906,441.1957092285156,188.71240234375,227.4600067138672,231.6762237548828,590.5809936523438,91.37882232666016
2024-12-16,249.23130798339844,445.45703125,195.5124969482422,232.92999267578125,231.32861328125,593.102783203125,91.46284484863281
2024-12-17,251.65374755859375,448.28802490234375,194.2797088623047,231.14999389648438,230.150634765625,590.6591186523438,91.46284484863281
2024-12-18,246.2628631591797,431.44989013671875,187.3006591796875,220.52000427246094,222.43582153320312,573.0554809570312,90.76627349853516
2024-12-19,247.99034118652344,431.0947570800781,187.41000366210938,223.2899932861328,224.93663024902344,572.8794555664062,90.53221893310547
2024-12-20,252.65646362304688,430.670654296875,190.29312133789062,224.9199981689453,229.4168243408203,579.76025390625,90.77565002441406
2024-12-23,253.43084716796875,429.33892822265625,193.4943084716797,225.05999755859375,230.1796112060547,583.2320556640625,90.49479675292969
2024-12-24,256.3397521972656,433.363525390625,194.96568298339844,229.0500030517578,233.96458435058594,589.7147827148438,90.59775543212891
2024-12-26,257.15380859375,432.16009521484375,194.45864868164062,227.0500030517578,234.7659912109375,589.7540283203125,90.66329193115234
2024-12-27,253.74851989746094,424.6830749511719,191.6352081298828,223.75,232.86386108398438,583.5459594726562,90.47605133056641
2024-12-30,250.38296508789062,419.06048583984375,190.12411499023438,221.3000030517578,231.07757568359375,576.88671875,90.83180999755859
2024-12-31,248.61578369140625,415.7757263183594,188.19541931152344,219.38999938964844,231.4541473388672,574.7880249023438,90.71945953369141
